Name,Score,ConsensusRank
SNTG2-AS1,5.42933010411078e-32,1
SSTR1,2.3421438168823005e-28,2
ACP5,7.014573439251747e-21,3
RNY4P34,1.0086404838465116e-20,4
TNFSF15,7.598460608413711e-07,5
NUDT2,0.005611336105344164,6
ACTN2,0.0061862482827188155,7
CTTNBP2,0.01760702914164938,8
RNA5SP425,1.0,9
MIR26B,1.0,10
VPS26C,1.0,11
HSD17B11,1.0,12
PIP4K2A,1.0,13
NES,1.0,14
ZIK1,1.0,15
TSR1,1.0,16
TOR4A,1.0,17
DDX60,1.0,18
GFM2,1.0,19
KLF10,1.0,20
GGH,1.0,21
TMEM45A,1.0,22
CPNE7,1.0,23
FBXO11,1.0,24
ID2,1.0,25
ARHGEF40,1.0,26
ERVV-1,1.0,27
LBP,1.0,28
ST6GALNAC2,1.0,29
FYN,1.0,30
NUDT12,1.0,31
CYP27A1,1.0,32
CERKL,1.0,33
INPP4B,1.0,34
DKK2,1.0,35
MFSD1,1.0,36
RPL17P50,1.0,37
NPC1L1,1.0,38
IRF8,1.0,39
ZFX,1.0,40
ACSS1,1.0,41
GTF2I,1.0,42
BCL11B,1.0,43
RDX,1.0,44
IGLV3-19,1.0,45
AC010536.2,1.0,46
PRMT6,1.0,47
ASXL2,1.0,48
ABCB10,1.0,49
IGKV1-6,1.0,50
FBXL14,1.0,51
EIF3A,1.0,52
LDHAP3,1.0,53
RASEF,1.0,54
DNAJC15,1.0,55
AC000050.2,1.0,56
AC003072.1,1.0,57
CLDN16,1.0,58
RCSD1,1.0,59
SOSTDC1,1.0,60
AGAP9,1.0,61
AC063919.1,1.0,62
EFNA5,1.0,63
MTF1,1.0,64
NPY1R,1.0,65
MMADHC,1.0,66
PLCG2,1.0,67
MT1H,1.0,68
PTK7,1.0,69
KANK1,1.0,70
TNS3,1.0,71
MTMR12,1.0,72
DYNC1LI2,1.0,73
LINC01871,1.0,74
BEST4,1.0,75
HSPA4L,1.0,76
PNPLA8,1.0,77
HCAR1,1.0,78
ASIP,1.0,79
TRDC,1.0,80
CASKIN2,1.0,81
PTBP3,1.0,82
APOL3,1.0,83
PCK2,1.0,84
CACNA1D,1.0,85
ID3,1.0,86
POLR2A,1.0,87
CMTM3,1.0,88
GLYATL2,1.0,89
C1S,1.0,90
INPP4A,1.0,91
CAMSAP1,1.0,92
ABI3,1.0,93
UBE4A,1.0,94
ANK3,1.0,95
CCL11,1.0,96
MCM3AP,1.0,97
H4C2,1.0,98
DDX58,1.0,99
DNAJC14,1.0,100
BTBD7,1.0,101
CST7,1.0,102
RASA1,1.0,103
IGFBP1,1.0,104
AL162253.2,1.0,105
GEMIN5,1.0,106
GJA5,1.0,107
RERE,1.0,108
AC022034.1,1.0,109
FANCA,1.0,110
IGLC3,1.0,111
SEC23B,1.0,112
IGKV1-16,1.0,113
HACD2,1.0,114
RALBP1,1.0,115
ARHGAP28,1.0,116
ACY3,1.0,117
NEK11,1.0,118
ZNF710,1.0,119
DDX18,1.0,120
CTSO,1.0,121
AC234775.2,1.0,122
TMEM176A,1.0,123
SBF2,1.0,124
CDK6,1.0,125
MARCHF7,1.0,126
KLF3,1.0,127
TM9SF2,1.0,128
IGHV3-48,1.0,129
FGF2,1.0,130
AC103591.3,1.0,131
FDXR,1.0,132
ADNP2,1.0,133
SYNE2,1.0,134
SLC4A3,1.0,135
ESYT1,1.0,136
PCDH7,1.0,137
AL031123.5,1.0,138
ZNF395,1.0,139
MIDEAS,1.0,140
TNFAIP6,1.0,141
CCDC3,1.0,142
AQP9,1.0,143
ADCY9,1.0,144
FANCC,1.0,145
WDR44,1.0,146
SPAG9,1.0,147
ZNF462,1.0,148
MARCHF8,1.0,149
CLUH,1.0,150
PLEKHF2,1.0,151
SESTD1,1.0,152
C20orf194,1.0,153
DNAJC22,1.0,154
ADM,1.0,155
SNORD15B,1.0,156
GARRE1,1.0,157
AC084759.3,1.0,158
PPT1,1.0,159
AC073046.1,1.0,160
MAOB,1.0,161
APOA1,1.0,162
H2BC14,1.0,163
SRFBP1,1.0,164
ABCB4,1.0,165
PNMA2,1.0,166
MRPL44,1.0,167
ANKMY2,1.0,168
SERPINB11,1.0,169
RPL7AP10,1.0,170
RNF38,1.0,171
SH2D3C,1.0,172
ENTPD2,1.0,173
SPINK1,1.0,174
LLGL2,1.0,175
ZNF426,1.0,176
SCML1,1.0,177
RUSC2,1.0,178
IFNAR1,1.0,179
TTC30A,1.0,180
IMPACT,1.0,181
NT5E,1.0,182
KRT80,1.0,183
AC120349.1,1.0,184
IVNS1ABP,1.0,185
AC025265.1,1.0,186
CLCNKA,1.0,187
RBM12,1.0,188
EML1,1.0,189
CHMP4C,1.0,190
ARHGAP35,1.0,191
AP000695.2,1.0,192
RIPK4,1.0,193
SPINK13,1.0,194
GTF3C4,1.0,195
RHPN1,1.0,196
RNU6-834P,1.0,197
MAGEC1,1.0,198
ZNF329,1.0,199
KCNH2,1.0,200
AGPAT5,1.0,201
LINC01564,1.0,202
CX3CR1,1.0,203
SORBS2,1.0,204
DNAJC13,1.0,205
C21orf58,1.0,206
TIGIT,1.0,207
SCN4B,1.0,208
RAB11FIP1,1.0,209
ZNF703,1.0,210
RPRD2,1.0,211
PJA2,1.0,212
VWA1,1.0,213
MARS2,1.0,214
NOMO2,1.0,215
BST1,1.0,216
NSMF,1.0,217
JAM2,1.0,218
CUL3,1.0,219
PHLDA3,1.0,220
GOLIM4,1.0,221
SLFN13,1.0,222
ARFGEF2,1.0,223
DUSP2,1.0,224
IGLC7,1.0,225
SP2,1.0,226
SWAP70,1.0,227
MIR6772,1.0,228
TAF4B,1.0,229
LMO2,1.0,230
AC141557.1,1.0,231
TGOLN2,1.0,232
STEAP1,1.0,233
TOR1AIP1,1.0,234
SDE2,1.0,235
MIR1205,1.0,236
POLK,1.0,237
IGDCC3,1.0,238
AGMAT,1.0,239
PALM2AKAP2,1.0,240
ABCA3,1.0,241
IGSF23,1.0,242
TMEM176B,1.0,243
NLRP3,1.0,244
DENND4C,1.0,245
PKN2,1.0,246
CD36,1.0,247
LRRCC1,1.0,248
WASL,1.0,249
GPX2,1.0,250
PPP2R2C,1.0,251
USP53,1.0,252
MUC20,1.0,253
DHRS7,1.0,254
RMND5A,1.0,255
LILRA4,1.0,256
ITGB7,1.0,257
NUMB,1.0,258
RC3H2,1.0,259
CISH,1.0,260
ESYT2,1.0,261
WWC2-AS2,1.0,262
AC068299.1,1.0,263
RBBP9,1.0,264
IQGAP1,1.0,265
RXRA,1.0,266
SEMA3D,1.0,267
WFDC5,1.0,268
NLRP6,1.0,269
NEO1,1.0,270
JPH2,1.0,271
NR2F2,1.0,272
TRIM32,1.0,273
POM121,1.0,274
CREBL2,1.0,275
AC084036.1,1.0,276
TREM2,1.0,277
FAR2,1.0,278
JAG1,1.0,279
CACNG4,1.0,280
PRXL2B,1.0,281
ANXA4,1.0,282
ABCC6,1.0,283
SLC12A7,1.0,284
VCAM1,1.0,285
ERBB3,1.0,286
AC102953.2,1.0,287
MID1,1.0,288
SLC39A8,1.0,289
NFKB1,1.0,290
YTHDF3,1.0,291
NCOA1,1.0,292
PIK3C2B,1.0,293
KIDINS220,1.0,294
SNX7,1.0,295
ARL14,1.0,296
CPZ,1.0,297
ATP11C,1.0,298
ARHGAP26,1.0,299
MEGF9,1.0,300
ASPA,1.0,301
ALDH1A3,1.0,302
ABHD17B,1.0,303
AL365226.1,1.0,304
PDGFB,1.0,305
COPS4,1.0,306
SVIL,1.0,307
AGTPBP1,1.0,308
GLRB,1.0,309
HEG1,1.0,310
IGLC2,1.0,311
SYNE1,1.0,312
RECK,1.0,313
PTPN3,1.0,314
SECISBP2,1.0,315
CRYZL2P,1.0,316
ACLY,1.0,317
ERO1B,1.0,318
AP001160.4,1.0,319
NRTN,1.0,320
LIPA,1.0,321
TRBV5-1,1.0,322
TPM1,1.0,323
DLG4,1.0,324
CCDC181,1.0,325
TRBD1,1.0,326
SMIM3,1.0,327
ROR1,1.0,328
AC108752.1,1.0,329
TNXB,1.0,330
AC239859.5,1.0,331
KATNAL1,1.0,332
TFEC,1.0,333
MMP13,1.0,334
LRP3,1.0,335
HAPLN3,1.0,336
KIAA1958,1.0,337
SLC1A3,1.0,338
U91328.1,1.0,339
GAS7,1.0,340
CD2,1.0,341
ZC3H12C,1.0,342
FRYL,1.0,343
ADRA1B,1.0,344
ABLIM3,1.0,345
CASP7,1.0,346
NFATC3,1.0,347
CLEC3B,1.0,348
PRRC2B,1.0,349
TTC9,1.0,350
MPC2,1.0,351
GABRP,1.0,352
EPN2,1.0,353
KLHDC2,1.0,354
MYOM3,1.0,355
PLCB4,1.0,356
UNC119B,1.0,357
AL513304.1,1.0,358
ARHGEF17,1.0,359
SGMS2,1.0,360
NRG1,1.0,361
ANO3,1.0,362
ZBTB21,1.0,363
RNU6-1010P,1.0,364
DOCK1,1.0,365
AKR1B10P1,1.0,366
RARRES1,1.0,367
IGSF11,1.0,368
FLT4,1.0,369
TTC37,1.0,370
CD164,1.0,371
CIPC,1.0,372
DYNC2LI1,1.0,373
CPA4,1.0,374
ABHD2,1.0,375
SLC9B2,1.0,376
IGLV8-61,1.0,377
ERC1,1.0,378
LIMD2,1.0,379
MAP3K3,1.0,380
AC073346.1,1.0,381
GCC1,1.0,382
WDR31,1.0,383
AC018978.1,1.0,384
TMTC3,1.0,385
CSAG3,1.0,386
DYNC2I2,1.0,387
ZXDA,1.0,388
EDA2R,1.0,389
PJA1,1.0,390
TRBV7-9,1.0,391
SYNJ2BP,1.0,392
PGM2,1.0,393
AC120498.10,1.0,394
FLNB,1.0,395
EPHB4,1.0,396
HLA-C,1.0,397
PRCP,1.0,398
NEK7,1.0,399
ARID5B,1.0,400
AC092834.1,1.0,401
FOCAD,1.0,402
BCL2L2,1.0,403
LIPG,1.0,404
MYCBP2,1.0,405
RCOR2,1.0,406
ACSM5,1.0,407
ZNF844,1.0,408
PPP2R5D,1.0,409
PRKAA1,1.0,410
ZNF354C,1.0,411
DIP2B,1.0,412
ZNF107,1.0,413
KC6,1.0,414
IGKV2D-40,1.0,415
LINC01436,1.0,416
MLEC,1.0,417
PCDH10,1.0,418
EFNB2,1.0,419
ATP2A3,1.0,420
ITM2A,1.0,421
RNF141,1.0,422
VPS41,1.0,423
NCKIPSD,1.0,424
VLDLR,1.0,425
SF3A1,1.0,426
SOX9,1.0,427
MTX1P1,1.0,428
FBXO28,1.0,429
RNU6-2,1.0,430
MTHFD1,1.0,431
DNAJB4,1.0,432
ENPP7P8,1.0,433
PIEZO2,1.0,434
AC115522.1,1.0,435
SLC23A2,1.0,436
IP6K3,1.0,437
NUP205,1.0,438
CYP2B6,1.0,439
EPHB2,1.0,440
CCP110,1.0,441
MANCR,1.0,442
S100A13,1.0,443
TRIM56,1.0,444
ALDH9A1,1.0,445
MAPRE2,1.0,446
PSAP,1.0,447
SPRY4,1.0,448
MPRIP,1.0,449
KLC4,1.0,450
SLFN12,1.0,451
AC116049.1,1.0,452
ANO4,1.0,453
TIGD2,1.0,454
CBFA2T3,1.0,455
SLC17A2,1.0,456
RHOU,1.0,457
GAB2,1.0,458
ACTA2,1.0,459
MAPK14,1.0,460
NCOA7,1.0,461
SPRED1,1.0,462
FILIP1L,1.0,463
AC011352.1,1.0,464
NLRP7,1.0,465
LAMB2,1.0,466
OXGR1,1.0,467
ZNF433,1.0,468
RPL39P16,1.0,469
IREB2,1.0,470
AL365181.3,1.0,471
GALNS,1.0,472
NFATC4,1.0,473
ZNFX1,1.0,474
M6PR,1.0,475
RASSF3,1.0,476
NTN1,1.0,477
CXCL11,1.0,478
LINC00605,1.0,479
OSR1,1.0,480
ATP2C1,1.0,481
GZMA,1.0,482
TNFRSF10C,1.0,483
COBLL1,1.0,484
DNAJA1,1.0,485
AC103591.2,1.0,486
ATP6V1B2,1.0,487
TCP11L1,1.0,488
TAP1,1.0,489
FNDC3A,1.0,490
ERMP1,1.0,491
ABCA4,1.0,492
OS9,1.0,493
ABCC2,1.0,494
SCARNA7,1.0,495
SEPTIN9-DT,1.0,496
THSD7B,1.0,497
GSTT2B,1.0,498
CD320,1.0,499
SCGN,1.0,500
DZIP3,1.0,501
APPL1,1.0,502
ARID4A,1.0,503
TFAM,1.0,504
CLTC,1.0,505
AL031722.1,1.0,506
PRF1,1.0,507
NIPSNAP1,1.0,508
GLTPD2,1.0,509
LPCAT3,1.0,510
KIF20B,1.0,511
LAMP2,1.0,512
FYCO1,1.0,513
AP001574.1,1.0,514
ACBD4,1.0,515
RN7SL752P,1.0,516
BPHL,1.0,517
ATXN1L,1.0,518
ABCC6P2,1.0,519
SLC19A2,1.0,520
PIGCP1,1.0,521
SAV1,1.0,522
PKD2,1.0,523
SLC16A8,1.0,524
ALDH2,1.0,525
CCDC110,1.0,526
OPCML,1.0,527
GBP4,1.0,528
OLFM3,1.0,529
CCDC34,1.0,530
UBB,1.0,531
RNF20,1.0,532
PNMA1,1.0,533
CCNO,1.0,534
C1orf53,1.0,535
THRSP,1.0,536
TRAK2,1.0,537
SEPHS2,1.0,538
RP9P,1.0,539
PRPS1,1.0,540
IGKV3-11,1.0,541
ZNRF3,1.0,542
MZB1,1.0,543
HYAL2,1.0,544
DHCR7,1.0,545
CD24,1.0,546
TEX2,1.0,547
DAG1,1.0,548
AL355574.1,1.0,549
TNIK,1.0,550
NRARP,1.0,551
ARHGAP32,1.0,552
KRT17P3,1.0,553
TRIM44,1.0,554
RNVU1-3,1.0,555
ABHD11-AS1,1.0,556
NAPRT,1.0,557
TRAM1L1,1.0,558
ADAMTS15,1.0,559
AC083964.1,1.0,560
IGKV1D-42,1.0,561
AL591846.1,1.0,562
PARD6G,1.0,563
AC226118.1,1.0,564
IGLV3-16,1.0,565
MNDA,1.0,566
KLHL5,1.0,567
HERC1,1.0,568
CENPV,1.0,569
PLAAT3,1.0,570
TOGARAM1,1.0,571
ANXA1,1.0,572
TRAP1,1.0,573
IGKV1-39,1.0,574
RNF26,1.0,575
TSPAN13,1.0,576
FMO4,1.0,577
STRN,1.0,578
SMC1A,1.0,579
TMBIM1,1.0,580
ZBTB6,1.0,581
BNIP3L,1.0,582
SLC1A6,1.0,583
IRAG1,1.0,584
SNHG15,1.0,585
SEMA3E,1.0,586
TSTD2,1.0,587
PLCL2,1.0,588
CORO1A,1.0,589
DLC1,1.0,590
KTN1,1.0,591
TTC3P1,1.0,592
LGALS3BP,1.0,593
EDEM1,1.0,594
SETBP1,1.0,595
AC138207.3,1.0,596
PCBP1,1.0,597
RRAS2,1.0,598
COLCA1,1.0,599
RUNX3,1.0,600
MSN,1.0,601
POGK,1.0,602
SNX13,1.0,603
CD46,1.0,604
NRXN2,1.0,605
LINC00475,1.0,606
RNU6-37P,1.0,607
RBL2,1.0,608
ELF1,1.0,609
UBE4B,1.0,610
HMGCR,1.0,611
HMGCS1,1.0,612
YLPM1,1.0,613
SLC22A3,1.0,614
C9orf64,1.0,615
CREG1,1.0,616
FAM83C,1.0,617
TKT,1.0,618
RNU6-1136P,1.0,619
CPEB4,1.0,620
ZFYVE9,1.0,621
ARHGAP42,1.0,622
CLSTN1,1.0,623
SPTY2D1,1.0,624
CAST,1.0,625
ATP6V1A,1.0,626
NACC2,1.0,627
ZPLD1,1.0,628
PREX1,1.0,629
LDOC1,1.0,630
BAMBI,1.0,631
SH3RF3-AS1,1.0,632
C11orf95,1.0,633
IGHV4-39,1.0,634
NHEJ1,1.0,635
TGFBR2,1.0,636
SHMT1,1.0,637
DNAJC6,1.0,638
FRMD4A,1.0,639
GZMB,1.0,640
AC021218.1,1.0,641
RN7SL268P,1.0,642
FLI1,1.0,643
KIAA0895,1.0,644
NT5DC2,1.0,645
LINC02595,1.0,646
JPH1,1.0,647
PDLIM7,1.0,648
RAF1,1.0,649
KDM3B,1.0,650
SLN,1.0,651
TTC30B,1.0,652
VANGL1,1.0,653
NPIPP1,1.0,654
BATF2,1.0,655
GPNMB,1.0,656
FTLP2,1.0,657
LCN15,1.0,658
GOLGA7,1.0,659
NRP1,1.0,660
GNA12,1.0,661
TP73-AS3,1.0,662
ICAM5,1.0,663
SON,1.0,664
PYDC1,1.0,665
PXYLP1,1.0,666
AC022107.1,1.0,667
HLA-DPA1,1.0,668
YME1L1,1.0,669
CDC42BPA,1.0,670
F2,1.0,671
KBTBD7,1.0,672
MLXP1,1.0,673
CTR9,1.0,674
SRGAP2D,1.0,675
SAA4,1.0,676
TNFRSF10A,1.0,677
NFKBIA,1.0,678
PRKG1,1.0,679
WNK4,1.0,680
AL162171.1,1.0,681
CD200,1.0,682
SH2D2A,1.0,683
PTPRQ,1.0,684
SEPTIN10,1.0,685
EFCAB14,1.0,686
AC008731.1,1.0,687
MIR5087,1.0,688
KANK3,1.0,689
CYTIP,1.0,690
MIR145,1.0,691
DAPK1,1.0,692
ANGPT1,1.0,693
DAAM1,1.0,694
ENDOD1,1.0,695
ATP10D,1.0,696
OR2AT1P,1.0,697
ZBED1,1.0,698
SETD2,1.0,699
PITX2,1.0,700
GAS2L3,1.0,701
SMC3,1.0,702
LYSMD3,1.0,703
ARHGEF3,1.0,704
AC093675.1,1.0,705
IER5,1.0,706
AL031058.1,1.0,707
C12orf56,1.0,708
C1QL1,1.0,709
MIR635,1.0,710
EPHA4,1.0,711
AL008707.1,1.0,712
DHX9,1.0,713
LINC02526,1.0,714
ARPIN,1.0,715
PLN,1.0,716
LINC00665,1.0,717
ZNF711,1.0,718
RP2,1.0,719
RGS2,1.0,720
AL049767.1,1.0,721
IGHGP,1.0,722
TAF9B,1.0,723
AL133330.1,1.0,724
ATP5F1EP2,1.0,725
APOL4,1.0,726
PCYOX1,1.0,727
CD83,1.0,728
RABGAP1,1.0,729
TMEM72,1.0,730
RNF19B,1.0,731
S100A1,1.0,732
GPD2,1.0,733
STAG1,1.0,734
ITIH1,1.0,735
MIR23C,1.0,736
GAB1,1.0,737
AL035413.2,1.0,738
APOH,1.0,739
AL096854.1,1.0,740
PSIP1,1.0,741
MT1A,1.0,742
SCG2,1.0,743
ACOX3,1.0,744
SKI,1.0,745
XIST,1.0,746
STK32C,1.0,747
GAS2,1.0,748
AD000090.1,1.0,749
TANC1,1.0,750
ANKRD40,1.0,751
MTM1,1.0,752
CXCR3,1.0,753
MAPK8IP1,1.0,754
PTX3,1.0,755
GLP2R,1.0,756
INAVA,1.0,757
DIPK2A,1.0,758
DPYS,1.0,759
AFAP1L1,1.0,760
GUCY1A1,1.0,761
NTNG1,1.0,762
FAM8A1,1.0,763
LINC01843,1.0,764
XPC,1.0,765
ZP1,1.0,766
PCDHB13,1.0,767
CNTNAP2,1.0,768
HSPA12B,1.0,769
HLA-B,1.0,770
PPP1R12B,1.0,771
SMG6,1.0,772
ASAH1,1.0,773
CYFIP1,1.0,774
TMEM106A,1.0,775
GPC5-AS1,1.0,776
ZNF148,1.0,777
GIT2,1.0,778
FOXC2,1.0,779
PEX1,1.0,780
UMAD1,1.0,781
CBL,1.0,782
PLEKHA2,1.0,783
RBMS2,1.0,784
RIN2,1.0,785
HES5,1.0,786
NUP188,1.0,787
NPAT,1.0,788
DEPP1,1.0,789
AFAP1L2,1.0,790
SLC9A3R2,1.0,791
SLC30A1,1.0,792
TM4SF5,1.0,793
ORAI2,1.0,794
RAVER1,1.0,795
PCAT6,1.0,796
TRIM14,1.0,797
SOCS1,1.0,798
MAPK15,1.0,799
ACSM3,1.0,800
ETS2,1.0,801
KLK3,1.0,802
RABEP1,1.0,803
CLDN23,1.0,804
GAN,1.0,805
ZSCAN12P1,1.0,806
CYP4X1,1.0,807
ZNF384,1.0,808
DEPTOR,1.0,809
TCHH,1.0,810
SYNJ1,1.0,811
APOBEC3A,1.0,812
LTN1,1.0,813
COX5BP6,1.0,814
MT1G,1.0,815
C8orf31,1.0,816
LINC01063,1.0,817
MIR155HG,1.0,818
KRT25,1.0,819
BCL3,1.0,820
OAS1,1.0,821
ERAP1,1.0,822
SOS1,1.0,823
AP002336.2,1.0,824
AL354751.2,1.0,825
MIRLET7BHG,1.0,826
IGHV3-21,1.0,827
SIRPG,1.0,828
POLR2B,1.0,829
NECTIN3,1.0,830
CSNK1A1,1.0,831
RNY1P10,1.0,832
DKK1,1.0,833
MPPED2,1.0,834
AC113346.1,1.0,835
PRX,1.0,836
OSBPL3,1.0,837
WDR11,1.0,838
NLN,1.0,839
NCKAP1,1.0,840
SMIM10L2B,1.0,841
MYLK,1.0,842
UPP1,1.0,843
AP003717.1,1.0,844
PRDX3,1.0,845
MORN4,1.0,846
TXNDC16,1.0,847
SKAP2,1.0,848
RNY3P16,1.0,849
JCAD,1.0,850
ALDH1B1,1.0,851
OSBPL1A,1.0,852
SLC22A4,1.0,853
COTL1,1.0,854
AC027031.2,1.0,855
SMC2,1.0,856
TMED8,1.0,857
KCNK17,1.0,858
KIAA1109,1.0,859
MALL,1.0,860
ZDHHC15,1.0,861
EGFR,1.0,862
QPCT,1.0,863
FAM90A1,1.0,864
ATP7A,1.0,865
CMTM7,1.0,866
RIF1,1.0,867
ACHE,1.0,868
AC002401.4,1.0,869
LINC01426,1.0,870
SNORD12C,1.0,871
FBXO34,1.0,872
ZNF792,1.0,873
HOXA7,1.0,874
AKT3,1.0,875
CEBPZ,1.0,876
LRPPRC,1.0,877
ARHGAP21,1.0,878
TMEM26,1.0,879
NR1D2,1.0,880
AC116348.1,1.0,881
SNX33,1.0,882
CFL2,1.0,883
AC026748.7,1.0,884
EGLN1,1.0,885
NPNT,1.0,886
LRP6,1.0,887
RNU6-583P,1.0,888
MTREX,1.0,889
LINC01508,1.0,890
TSPYL4,1.0,891
LINC01503,1.0,892
AC136475.2,1.0,893
EPS8,1.0,894
NT5DC3,1.0,895
FXYD6,1.0,896
MAT2A,1.0,897
VWA8,1.0,898
OLFML2A,1.0,899
SLC12A6,1.0,900
CWC22,1.0,901
SGTB,1.0,902
RNF208,1.0,903
ID4,1.0,904
PLCXD1,1.0,905
HIP1,1.0,906
BPTF,1.0,907
AC010487.1,1.0,908
IGKV6-21,1.0,909
FADS1,1.0,910
MAFB,1.0,911
AP001542.1,1.0,912
TRBV4-2,1.0,913
TFR2,1.0,914
ZYG11B,1.0,915
ZSWIM5,1.0,916
HLA-DRA,1.0,917
ING3,1.0,918
GAA,1.0,919
GEM,1.0,920
AC004839.1,1.0,921
AC018695.6,1.0,922
THTPA,1.0,923
PIK3CD-AS2,1.0,924
TMIGD1,1.0,925
GLIS3,1.0,926
GPR155,1.0,927
NSD1,1.0,928
SATB2,1.0,929
LMBR1,1.0,930
ST8SIA4,1.0,931
NAB2,1.0,932
AKAP9,1.0,933
PHYH,1.0,934
SNED1,1.0,935
C19orf71,1.0,936
ANKFY1,1.0,937
MB21D2,1.0,938
MAGT1,1.0,939
ACOT1,1.0,940
ATP5PDP4,1.0,941
SLC9A3R1,1.0,942
DAGLA,1.0,943
LPCAT2,1.0,944
MAF,1.0,945
TMEM101,1.0,946
MINPP1,1.0,947
CTDSPL,1.0,948
RARRES2,1.0,949
IFIT1,1.0,950
AL035071.1,1.0,951
ZHX1,1.0,952
ARL15,1.0,953
LCK,1.0,954
ITSN2,1.0,955
PLEKHG4,1.0,956
RNF144A,1.0,957
FERMT2,1.0,958
USF3,1.0,959
CALHM5,1.0,960
CREB1,1.0,961
H2AC4,1.0,962
AC027288.2,1.0,963
PPFIBP1,1.0,964
BEX5,1.0,965
SPN,1.0,966
SAA1,1.0,967
DOK4,1.0,968
AKR1C1,1.0,969
CYP27B1,1.0,970
TRBC2,1.0,971
BBOX1,1.0,972
ZNF770,1.0,973
GNG8,1.0,974
APBA2,1.0,975
AC011503.2,1.0,976
EXTL2,1.0,977
NGFR,1.0,978
AFF3,1.0,979
BICRAL,1.0,980
AL606489.1,1.0,981
TNFRSF19,1.0,982
KIF16B,1.0,983
TBC1D9,1.0,984
RECQL,1.0,985
SLC31A1,1.0,986
LMTK2,1.0,987
VPS13A,1.0,988
LINC01638,1.0,989
SLC4A2,1.0,990
OCIAD2,1.0,991
KIF21A,1.0,992
KCNF1,1.0,993
SUCNR1,1.0,994
RFLNA,1.0,995
CAT,1.0,996
AP1AR,1.0,997
SFN,1.0,998
PRLR,1.0,999
CCRL2,1.0,1000
AFG3L2,1.0,1001
UBFD1,1.0,1002
CCNP,1.0,1003
NRROS,1.0,1004
DHX38,1.0,1005
MPEG1,1.0,1006
NRAS,1.0,1007
LIMA1,1.0,1008
AC004130.1,1.0,1009
SLC2A2,1.0,1010
PLEKHA1,1.0,1011
KRT24,1.0,1012
LINC02061,1.0,1013
KMT2E,1.0,1014
CHD9,1.0,1015
SLC6A2,1.0,1016
AHNAK,1.0,1017
ZNF184,1.0,1018
AC073957.3,1.0,1019
AC108673.3,1.0,1020
C20orf197,1.0,1021
AP000844.2,1.0,1022
NLRP2,1.0,1023
NKX2-8,1.0,1024
FAM219B,1.0,1025
PCK1,1.0,1026
KLF2,1.0,1027
TBC1D14,1.0,1028
AC046185.2,1.0,1029
HBP1,1.0,1030
KLF7,1.0,1031
EIF2S1,1.0,1032
SOCS6,1.0,1033
AFAP1-AS1,1.0,1034
ZNF502,1.0,1035
GZMH,1.0,1036
AR,1.0,1037
ZNF24,1.0,1038
AC020913.3,1.0,1039
DPY19L2P2,1.0,1040
GRAMD1C,1.0,1041
FGL2,1.0,1042
KITLG,1.0,1043
SMIM10,1.0,1044
KL,1.0,1045
SLC12A2,1.0,1046
CLDN10,1.0,1047
EXOC3,1.0,1048
ARHGAP5,1.0,1049
AC005831.1,1.0,1050
TMEM252,1.0,1051
C2orf72,1.0,1052
MAMDC2,1.0,1053
PIWIL4,1.0,1054
DBH-AS1,1.0,1055
EXOC8,1.0,1056
ELMO1,1.0,1057
NAA30,1.0,1058
TRHDE-AS1,1.0,1059
SLC8A1,1.0,1060
TAF1B,1.0,1061
GPRIN3,1.0,1062
TOX4,1.0,1063
NMT2,1.0,1064
CAMK2N2,1.0,1065
APLNR,1.0,1066
KDM6B,1.0,1067
EFEMP1,1.0,1068
CBX6,1.0,1069
APOOL,1.0,1070
TCAF1,1.0,1071
SLC5A6,1.0,1072
CPNE8,1.0,1073
GNLY,1.0,1074
RAB8B,1.0,1075
CYSLTR1,1.0,1076
COG5,1.0,1077
AC107464.2,1.0,1078
TMX1,1.0,1079
HMGA2,1.0,1080
ARHGEF15,1.0,1081
AC104695.2,1.0,1082
CLIC4,1.0,1083
ELOVL2,1.0,1084
ERBB2,1.0,1085
TUFT1,1.0,1086
DLD,1.0,1087
ARMCX3,1.0,1088
MT1F,1.0,1089
ZNF132,1.0,1090
TMEM171,1.0,1091
MTMR11,1.0,1092
AC004264.1,1.0,1093
IFIT3,1.0,1094
KLB,1.0,1095
RIC3,1.0,1096
EYA1,1.0,1097
RNU6-130P,1.0,1098
TLN1,1.0,1099
EAF2,1.0,1100
LDHAP7,1.0,1101
CNIH1,1.0,1102
AL353751.1,1.0,1103
MT1XP1,1.0,1104
AIF1L,1.0,1105
BAAT,1.0,1106
FREM2,1.0,1107
PLEKHM3,1.0,1108
MAML3,1.0,1109
SHISA4,1.0,1110
RAPGEF2,1.0,1111
BRCA1P1,1.0,1112
CFAP300,1.0,1113
PITX1,1.0,1114
CHAC1,1.0,1115
MAML2,1.0,1116
SMG8,1.0,1117
AVPR1B,1.0,1118
TNN,1.0,1119
TRBV9,1.0,1120
GNAI1,1.0,1121
YIPF5,1.0,1122
PIGO,1.0,1123
ZNF654,1.0,1124
PEX11A,1.0,1125
ZNF726,1.0,1126
GASK1B,1.0,1127
RASGRF2,1.0,1128
NOP9,1.0,1129
KRT33B,1.0,1130
ZNF304,1.0,1131
THSD1,1.0,1132
ZFHX4,1.0,1133
SPRY2,1.0,1134
AP005233.2,1.0,1135
LGMN,1.0,1136
SPRED2,1.0,1137
TTC39B,1.0,1138
AC018752.1,1.0,1139
SMAD6,1.0,1140
ENTPD8,1.0,1141
TFCP2L1,1.0,1142
C4A,1.0,1143
GALC,1.0,1144
F12,1.0,1145
NCR3LG1,1.0,1146
XRN2,1.0,1147
PARD6B,1.0,1148
TMEM245,1.0,1149
TRIM10,1.0,1150
BTBD11,1.0,1151
CDC42BPB,1.0,1152
AC010761.3,1.0,1153
NKAIN4,1.0,1154
REEP3,1.0,1155
RFC3,1.0,1156
BRD3,1.0,1157
MAP1LC3C,1.0,1158
APCS,1.0,1159
LARGE2,1.0,1160
HM13-IT1,1.0,1161
GPX7,1.0,1162
CLEC4O,1.0,1163
CALD1,1.0,1164
AC138356.2,1.0,1165
LRRC8A,1.0,1166
FASTKD3,1.0,1167
NELL2,1.0,1168
GUCY1B1,1.0,1169
GDE1,1.0,1170
HMGN2P5,1.0,1171
SRRM3,1.0,1172
BOK,1.0,1173
SNORA54,1.0,1174
FGF12,1.0,1175
GLCE,1.0,1176
IGLV3-9,1.0,1177
PHF3,1.0,1178
LINC00857,1.0,1179
MAGEH1,1.0,1180
UPK3B,1.0,1181
C5AR2,1.0,1182
SEPTIN11,1.0,1183
GPHN,1.0,1184
MIR3198-1,1.0,1185
SECISBP2L,1.0,1186
MEF2C,1.0,1187
ALPL,1.0,1188
ABRAXAS1,1.0,1189
RNU6-415P,1.0,1190
GATA2-AS1,1.0,1191
N4BP3,1.0,1192
AP001052.1,1.0,1193
LINC02660,1.0,1194
DRAM1,1.0,1195
GNAL,1.0,1196
LYPLA1,1.0,1197
ZNF518B,1.0,1198
DEPDC7,1.0,1199
AL033527.3,1.0,1200
TBL1X,1.0,1201
PRKACB,1.0,1202
RNF111,1.0,1203
EHD4,1.0,1204
SC5D,1.0,1205
ID1,1.0,1206
ARSJ,1.0,1207
TRBV19,1.0,1208
RNF123,1.0,1209
MPV17L,1.0,1210
GPRIN2,1.0,1211
C3orf14,1.0,1212
ZNF106,1.0,1213
ARHGEF28,1.0,1214
ETS1,1.0,1215
RERG-AS1,1.0,1216
ZDHHC1,1.0,1217
CD3E,1.0,1218
SMCR8,1.0,1219
AC104841.1,1.0,1220
SNRPGP15,1.0,1221
HNRNPA1P21,1.0,1222
IGHD1-1,1.0,1223
GNE,1.0,1224
WDR47,1.0,1225
CNOT1,1.0,1226
PRAG1,1.0,1227
BBX,1.0,1228
TRIM4,1.0,1229
KPNA6,1.0,1230
LANCL1,1.0,1231
SNORD104,1.0,1232
SPNS2,1.0,1233
FAM122A,1.0,1234
RAPGEF4,1.0,1235
CCM2L,1.0,1236
MPDZ,1.0,1237
PRELID2,1.0,1238
EXPH5,1.0,1239
DOCK5,1.0,1240
IPO11,1.0,1241
ZFP28,1.0,1242
GPC1,1.0,1243
LBH,1.0,1244
PLD1,1.0,1245
CDHR1,1.0,1246
UGT1A10,1.0,1247
LRRC40,1.0,1248
SUMF2,1.0,1249
MED1,1.0,1250
ZNF702P,1.0,1251
STEAP2,1.0,1252
ADRB2,1.0,1253
DIAPH2,1.0,1254
IGHG1,1.0,1255
DYRK1B,1.0,1256
INSYN2B,1.0,1257
APOE,1.0,1258
IGKV3-15,1.0,1259
MAT2B,1.0,1260
SYT9,1.0,1261
IGLV2-5,1.0,1262
SNRNP200,1.0,1263
C5orf15,1.0,1264
FCN3,1.0,1265
MIR4664,1.0,1266
CTXN1,1.0,1267
SAP30L,1.0,1268
TEPP,1.0,1269
IGF2-AS,1.0,1270
FCF1,1.0,1271
DGKE,1.0,1272
FRMD6,1.0,1273
RHPN2,1.0,1274
MTFR1,1.0,1275
PDLIM5,1.0,1276
AIDA,1.0,1277
ZNF614,1.0,1278
AC100803.4,1.0,1279
NBPF3,1.0,1280
KRT19,1.0,1281
EXOC3L1,1.0,1282
FAM114A1,1.0,1283
FUT1,1.0,1284
SETX,1.0,1285
TFPI2,1.0,1286
ZMAT3,1.0,1287
PTPN13,1.0,1288
SYPL1,1.0,1289
GDI2,1.0,1290
BDP1,1.0,1291
VGLL3,1.0,1292
PRMT5,1.0,1293
ACOT2,1.0,1294
ERLIN2,1.0,1295
LINC02685,1.0,1296
CCR3,1.0,1297
ADGRE5,1.0,1298
AL138826.1,1.0,1299
A4GALT,1.0,1300
AC061999.1,1.0,1301
KANSL1L,1.0,1302
SPECC1,1.0,1303
RNU6-531P,1.0,1304
CTTNBP2NL,1.0,1305
EDAR,1.0,1306
DCAF7,1.0,1307
NCOA2,1.0,1308
NBEAL1,1.0,1309
MYADM,1.0,1310
DHRS4,1.0,1311
FGF14-AS2,1.0,1312
TNFSF11,1.0,1313
PRSS41,1.0,1314
GDF7,1.0,1315
RAB38,1.0,1316
DLST,1.0,1317
MT1X,1.0,1318
ZNF470,1.0,1319
AC073218.1,1.0,1320
EYA3,1.0,1321
AC129507.3,1.0,1322
NCK2,1.0,1323
CREB3L3,1.0,1324
JADE3,1.0,1325
IER5L,1.0,1326
AC123912.4,1.0,1327
SLC25A13,1.0,1328
CFAP126,1.0,1329
ZNF618,1.0,1330
CTSG,1.0,1331
VGLL4,1.0,1332
DOCK4,1.0,1333
HRH1,1.0,1334
SPOPL,1.0,1335
ZC3H13,1.0,1336
CRAT,1.0,1337
RB1,1.0,1338
SMAD5,1.0,1339
MIR193BHG,1.0,1340
TNFRSF21,1.0,1341
WDR35,1.0,1342
NPBWR1,1.0,1343
SPATS2L,1.0,1344
LINC00674,1.0,1345
MARCHF4,1.0,1346
LINC00920,1.0,1347
CRIP2,1.0,1348
PPP1R13B,1.0,1349
IL1RAP,1.0,1350
GRIK3,1.0,1351
DYNC1H1,1.0,1352
MIR93,1.0,1353
SLC7A5,1.0,1354
PCMTD2,1.0,1355
AC005083.1,1.0,1356
MACIR,1.0,1357
RPS13P2,1.0,1358
ANKRD18EP,1.0,1359
CHML,1.0,1360
TBC1D4,1.0,1361
IGLL5,1.0,1362
ZNF134,1.0,1363
IGLV5-37,1.0,1364
PHKA2,1.0,1365
SLC39A10,1.0,1366
DBN1,1.0,1367
LHFPL3-AS2,1.0,1368
XYLB,1.0,1369
RAB29,1.0,1370
LINC02195,1.0,1371
SEC24C,1.0,1372
OVGP1,1.0,1373
CTNNB1,1.0,1374
FOXL1,1.0,1375
FCHO2,1.0,1376
PLSCR4,1.0,1377
ENPP7P7,1.0,1378
APC,1.0,1379
RAP2A,1.0,1380
PTGIS,1.0,1381
AC120114.1,1.0,1382
LRRC37A16P,1.0,1383
DYRK3,1.0,1384
SMARCA5,1.0,1385
CEPT1,1.0,1386
MRPL49,1.0,1387
DRD1,1.0,1388
MT-ND4,1.0,1389
LUZP1,1.0,1390
TINAGL1,1.0,1391
TBC1D1,1.0,1392
GIGYF2,1.0,1393
SNX19,1.0,1394
EIF5,1.0,1395
TAPBPL,1.0,1396
MED13,1.0,1397
AF111168.1,1.0,1398
NUP160,1.0,1399
ACO1,1.0,1400
STS,1.0,1401
GM2A,1.0,1402
PCSK5,1.0,1403
RCBTB1,1.0,1404
TRIP11,1.0,1405
RN7SL381P,1.0,1406
AGTR1,1.0,1407
AL008729.2,1.0,1408
CHM,1.0,1409
RNU6-485P,1.0,1410
JUP,1.0,1411
TENM2,1.0,1412
PDZD2,1.0,1413
RNU1-67P,1.0,1414
IFIT5,1.0,1415
PCDHGC3,1.0,1416
NUS1P1,1.0,1417
DNER,1.0,1418
AC010615.1,1.0,1419
RCAN1,1.0,1420
TM7SF3,1.0,1421
ZFYVE16,1.0,1422
IGHG3,1.0,1423
UBXN7,1.0,1424
RPSAP58,1.0,1425
B3GALNT1,1.0,1426
UBR1,1.0,1427
CD3D,1.0,1428
LINC02593,1.0,1429
RUSF1,1.0,1430
CDKL5,1.0,1431
LINC02188,1.0,1432
ZNF772,1.0,1433
ADCY6,1.0,1434
MAN2A1,1.0,1435
HLTF,1.0,1436
RNA5SP107,1.0,1437
C5orf46,1.0,1438
C16orf74,1.0,1439
GPR176,1.0,1440
AC108449.2,1.0,1441
HFE,1.0,1442
AC022784.6,1.0,1443
CHAMP1,1.0,1444
EBF3,1.0,1445
PRAME,1.0,1446
BDNF,1.0,1447
CALM1,1.0,1448
ITGA2,1.0,1449
HCP5,1.0,1450
FAT4,1.0,1451
RETSAT,1.0,1452
APOC1,1.0,1453
SNORA71B,1.0,1454
ERVMER34-1,1.0,1455
RBBP4,1.0,1456
AC063961.1,1.0,1457
LINC02783,1.0,1458
CXCL10,1.0,1459
TRHDE,1.0,1460
ACSL1,1.0,1461
SLC17A5,1.0,1462
PRPF8,1.0,1463
ALCAM,1.0,1464
MUC4,1.0,1465
RAP1GAP,1.0,1466
DNAJC11,1.0,1467
DGKD,1.0,1468
TOB1,1.0,1469
SLC35F1,1.0,1470
EDC4,1.0,1471
NHS-AS1,1.0,1472
COL21A1,1.0,1473
PFKP,1.0,1474
NUP153,1.0,1475
PPP1R14BP3,1.0,1476
AC010719.1,1.0,1477
TRIM46,1.0,1478
MARVELD1,1.0,1479
ZNF542P,1.0,1480
CCDC186,1.0,1481
IGHV3-13,1.0,1482
SOWAHC,1.0,1483
TGFA,1.0,1484
AKR1B10,1.0,1485
AL596442.3,1.0,1486
RCHY1,1.0,1487
CHPF,1.0,1488
CDYL2,1.0,1489
MMP17,1.0,1490
INF2,1.0,1491
AC069499.1,1.0,1492
EIF3L,1.0,1493
PSMB8-AS1,1.0,1494
INPP5A,1.0,1495
TRAV29DV5,1.0,1496
SNX29,1.0,1497
BIRC6,1.0,1498
UCK2,1.0,1499
KCTD9,1.0,1500
USP37,1.0,1501
PTP4A2P2,1.0,1502
ANXA13,1.0,1503
IFNLR1,1.0,1504
PDE6G,1.0,1505
SLC43A2,1.0,1506
C3orf18,1.0,1507
KMT2D,1.0,1508
SPTBN2,1.0,1509
CCND1,1.0,1510
PDE3B,1.0,1511
HDGFP1,1.0,1512
CGA,1.0,1513
KSR1,1.0,1514
MASP1,1.0,1515
SLC35A5,1.0,1516
NEK6,1.0,1517
IGLV2-18,1.0,1518
STAG2,1.0,1519
RNASET2,1.0,1520
DISP2,1.0,1521
USHBP1,1.0,1522
SIPA1L1,1.0,1523
IGHJ5,1.0,1524
GMFB,1.0,1525
ZNF471,1.0,1526
CCNYL1,1.0,1527
SDHC,1.0,1528
C5orf38,1.0,1529
DPYSL2,1.0,1530
SUSD6,1.0,1531
MERTK,1.0,1532
BRPF3,1.0,1533
ENPP3,1.0,1534
SLC45A1,1.0,1535
TRIM2,1.0,1536
AC109583.3,1.0,1537
CDK14,1.0,1538
ITGB1P1,1.0,1539
ZNF697,1.0,1540
CD84,1.0,1541
CTHRC1,1.0,1542
CDCA2,1.0,1543
NF2,1.0,1544
UBR3,1.0,1545
AC002128.2,1.0,1546
UQCRFS1,1.0,1547
HPS3,1.0,1548
CSRNP1,1.0,1549
AP001434.1,1.0,1550
SLC26A1,1.0,1551
PPP1R1A,1.0,1552
ZCCHC14,1.0,1553
CXCL9,1.0,1554
MMP12,1.0,1555
ATP6V1C2,1.0,1556
HMGB3,1.0,1557
CCDC47,1.0,1558
TMX4,1.0,1559
CAMSAP3,1.0,1560
RASAL2,1.0,1561
HP,1.0,1562
BMP7,1.0,1563
IPP,1.0,1564
ASAP2,1.0,1565
CHPF2,1.0,1566
ARL6,1.0,1567
SH3BP5,1.0,1568
SERPIND1,1.0,1569
PLCH1,1.0,1570
PDE5A,1.0,1571
TDRP,1.0,1572
IGHV3-23,1.0,1573
LASP1,1.0,1574
RGP1,1.0,1575
GALNT14,1.0,1576
HEATR5B,1.0,1577
PRRG1,1.0,1578
AC055811.4,1.0,1579
LGALS9,1.0,1580
PIK3CA,1.0,1581
DHFR,1.0,1582
RAPGEF1,1.0,1583
CARMIL1,1.0,1584
SYTL2,1.0,1585
TUB,1.0,1586
SNX4,1.0,1587
ESRRA,1.0,1588
AL109653.3,1.0,1589
AL035413.1,1.0,1590
STK24,1.0,1591
MAFK,1.0,1592
TSHZ1,1.0,1593
VPS13B,1.0,1594
GVINP1,1.0,1595
CUL5,1.0,1596
C1QTNF1-AS1,1.0,1597
GSG1,1.0,1598
DCTN1,1.0,1599
FRMD4B,1.0,1600
CDK20,1.0,1601
HDHD3,1.0,1602
ATG9A,1.0,1603
HERC6,1.0,1604
SOCS2,1.0,1605
RIC8A,1.0,1606
DUSP23,1.0,1607
POGLUT3,1.0,1608
AC090164.2,1.0,1609
ANKRD1,1.0,1610
KBTBD11,1.0,1611
EML4,1.0,1612
SLC39A9,1.0,1613
PDCD1,1.0,1614
DNAJB13,1.0,1615
HSD3BP5,1.0,1616
MT-CO2,1.0,1617
ARSK,1.0,1618
DLGAP1,1.0,1619
FOXN2,1.0,1620
SGMS1,1.0,1621
AL450326.1,1.0,1622
AC022432.1,1.0,1623
RNA5SP122,1.0,1624
MYO3A,1.0,1625
KIF13A,1.0,1626
LPP,1.0,1627
ECM1,1.0,1628
THBS1,1.0,1629
CDC14B,1.0,1630
SLC25A30,1.0,1631
AC129507.2,1.0,1632
PGAP4,1.0,1633
GCLC,1.0,1634
CD53,1.0,1635
MYD88,1.0,1636
TMEM151A,1.0,1637
FOXCUT,1.0,1638
TRIM63,1.0,1639
FUT4,1.0,1640
JSRP1,1.0,1641
SLC25A24,1.0,1642
SPG11,1.0,1643
TRIB3,1.0,1644
RNU6-1048P,1.0,1645
UBE2L6,1.0,1646
ATRN,1.0,1647
ZNF737,1.0,1648
TOMM34,1.0,1649
DDX46,1.0,1650
IGLV1-47,1.0,1651
KRT223P,1.0,1652
MCFD2,1.0,1653
MAP3K1,1.0,1654
CDHR5,1.0,1655
NCOA3,1.0,1656
IGKC,1.0,1657
IDH3A,1.0,1658
REG1B,1.0,1659
MEOX1,1.0,1660
PIGH,1.0,1661
P2RX7,1.0,1662
HSP90AA1,1.0,1663
SMAD7,1.0,1664
PCNX1,1.0,1665
PER2,1.0,1666
EXOC3L4,1.0,1667
PRKD1,1.0,1668
TBC1D9B,1.0,1669
XPO4,1.0,1670
AC119150.1,1.0,1671
B3GNT9,1.0,1672
THSD7A,1.0,1673
SNORA73B,1.0,1674
DENND5B,1.0,1675
TRGC2,1.0,1676
TLR4,1.0,1677
FASLG,1.0,1678
PURB,1.0,1679
ARHGAP31,1.0,1680
PSMB8,1.0,1681
BEAN1,1.0,1682
SLAMF7,1.0,1683
KIF13B,1.0,1684
SNX10,1.0,1685
CLDN12,1.0,1686
IPO7,1.0,1687
AC110611.2,1.0,1688
PIGK,1.0,1689
ABAT,1.0,1690
INCENP,1.0,1691
EXTL3,1.0,1692
RIPOR2,1.0,1693
LYPD5,1.0,1694
IGKJ4,1.0,1695
IGLV3-10,1.0,1696
VAMP2,1.0,1697
RAB3D,1.0,1698
NECAB1,1.0,1699
CHGA,1.0,1700
EBLN3P,1.0,1701
MYO18A,1.0,1702
AC136475.10,1.0,1703
TNFRSF11A,1.0,1704
THCAT158,1.0,1705
AGPS,1.0,1706
KBTBD12,1.0,1707
CERS6,1.0,1708
HACD3,1.0,1709
DIPK1B,1.0,1710
NLRC5,1.0,1711
ARHGEF10L,1.0,1712
RNU1-134P,1.0,1713
IGKV2-30,1.0,1714
IGKV3-20,1.0,1715
SEMA4D,1.0,1716
DMTN,1.0,1717
ACAP2,1.0,1718
PCLO,1.0,1719
PTPN21,1.0,1720
TMEM184C,1.0,1721
PEG10,1.0,1722
BEND6,1.0,1723
UBXN2B,1.0,1724
SIRT1,1.0,1725
PPT2,1.0,1726
ATP1A1,1.0,1727
MAGIX,1.0,1728
TMEM200A,1.0,1729
PTAR1,1.0,1730
SLC34A2,1.0,1731
UBASH3B,1.0,1732
RAB11FIP3,1.0,1733
ITGB2,1.0,1734
PIK3R1,1.0,1735
VEGFD,1.0,1736
JAK2,1.0,1737
RALB,1.0,1738
WDR17,1.0,1739
KIF1B,1.0,1740
SH2D4A,1.0,1741
MTSS1,1.0,1742
AK3,1.0,1743
MAP1B,1.0,1744
ZBTB10,1.0,1745
POU2AF1,1.0,1746
DYNLT3,1.0,1747
TICAM1,1.0,1748
IGKV1-12,1.0,1749
DDX3X,1.0,1750
ZC3H7B,1.0,1751
AL357833.1,1.0,1752
ZNF671,1.0,1753
PDCL,1.0,1754
DLX1,1.0,1755
CREB3L2,1.0,1756
GPRC5B,1.0,1757
ZNF318,1.0,1758
RBM43,1.0,1759
LINC00526,1.0,1760
CD151,1.0,1761
CILK1,1.0,1762
RNU1-103P,1.0,1763
THRA,1.0,1764
HOXA10,1.0,1765
NBR1,1.0,1766
WASHC5,1.0,1767
NUP133,1.0,1768
HMGN2,1.0,1769
ARSB,1.0,1770
WDSUB1,1.0,1771
PDE1C,1.0,1772
FAM13B,1.0,1773
STARD3NL,1.0,1774
LAYN,1.0,1775
AL590550.1,1.0,1776
PIANP,1.0,1777
SLC25A25,1.0,1778
RAB14,1.0,1779
VPS4B,1.0,1780
SH3GLB2,1.0,1781
TMEM140,1.0,1782
XPR1,1.0,1783
RRP7A,1.0,1784
AP000350.6,1.0,1785
SP4,1.0,1786
GHR,1.0,1787
JDP2,1.0,1788
LUZP2,1.0,1789
TOPORS,1.0,1790
LINC02315,1.0,1791
RPS29P11,1.0,1792
NAPEPLD,1.0,1793
FAM216A,1.0,1794
SMARCA2,1.0,1795
COL25A1,1.0,1796
TMEM38B,1.0,1797
PRKAR1A,1.0,1798
SH3BP4,1.0,1799
VWA7,1.0,1800
HABP4,1.0,1801
CPNE2,1.0,1802
AC006058.1,1.0,1803
TMSB15A,1.0,1804
STAMBPL1,1.0,1805
PREPL,1.0,1806
EFNB1,1.0,1807
SLC44A1,1.0,1808
GCH1,1.0,1809
IKBIP,1.0,1810
CXXC1,1.0,1811
RRM2B,1.0,1812
TRMT1L,1.0,1813
ANKRD17,1.0,1814
ASIC1,1.0,1815
AC207130.1,1.0,1816
HLA-E,1.0,1817
TRIM23,1.0,1818
PI4KA,1.0,1819
MAPK4,1.0,1820
NANOS1,1.0,1821
APOBEC3G,1.0,1822
XCL1,1.0,1823
SDSL,1.0,1824
GABPA,1.0,1825
PM20D2,1.0,1826
AL031729.1,1.0,1827
TRIL,1.0,1828
SNX18,1.0,1829
AC010894.2,1.0,1830
SLC17A4,1.0,1831
ADORA1,1.0,1832
EPB41L2,1.0,1833
EIF4G2,1.0,1834
AGMO,1.0,1835
RPS20P14,1.0,1836
ACADS,1.0,1837
AC011352.3,1.0,1838
LINC02041,1.0,1839
STXBP1,1.0,1840
TYMS,1.0,1841
SLC41A1,1.0,1842
PPP6R1,1.0,1843
KIF26A,1.0,1844
SEZ6L2,1.0,1845
LMBRD2,1.0,1846
RAI14,1.0,1847
GPAT3,1.0,1848
PPM1A,1.0,1849
DAB2IP,1.0,1850
LINC00323,1.0,1851
MYO7A,1.0,1852
CAMK2N1,1.0,1853
IGKV2-28,1.0,1854
EPHA7,1.0,1855
FMO2,1.0,1856
PRRT4,1.0,1857
TRBV3-1,1.0,1858
GPSM1,1.0,1859
TRIB2,1.0,1860
PDE4D,1.0,1861
TMEM14A,1.0,1862
ATP11B,1.0,1863
SLC44A2,1.0,1864
AL160006.1,1.0,1865
CATSPER1,1.0,1866
XBP1,1.0,1867
FRG1JP,1.0,1868
WWP1,1.0,1869
SHANK3,1.0,1870
LINC02100,1.0,1871
AC090409.1,1.0,1872
SMARCA1,1.0,1873
IGFBP3,1.0,1874
CIRBP,1.0,1875
FITM2,1.0,1876
KLK2,1.0,1877
PCBP2P2,1.0,1878
AC103563.1,1.0,1879
P2RY13,1.0,1880
TMX2P1,1.0,1881
STAP2,1.0,1882
ARID1A,1.0,1883
MICAL3,1.0,1884
SOCS2-AS1,1.0,1885
HMG20A,1.0,1886
REN,1.0,1887
ATP11A,1.0,1888
B3GNT2,1.0,1889
PTGR1,1.0,1890
AP000769.1,1.0,1891
CCBE1,1.0,1892
TGFBI,1.0,1893
SUGCT,1.0,1894
DSG2,1.0,1895
LGALS12,1.0,1896
ZNF45,1.0,1897
MACF1,1.0,1898
PIK3R4,1.0,1899
BTNL9,1.0,1900
CYP2W1,1.0,1901
PLEKHA6,1.0,1902
SCPEP1,1.0,1903
AADACP1,1.0,1904
UGT1A6,1.0,1905
SIX2,1.0,1906
NKG7,1.0,1907
AC133644.1,1.0,1908
EP300,1.0,1909
AFF1,1.0,1910
MAPK1,1.0,1911
SPEN,1.0,1912
PLEKHA7,1.0,1913
CLIP4,1.0,1914
SLC2A13,1.0,1915
ANKIB1,1.0,1916
ITPRID2,1.0,1917
DSEL,1.0,1918
SCGB3A2,1.0,1919
IGSF8,1.0,1920
EPB41L1,1.0,1921
NUDT18,1.0,1922
HBQ1,1.0,1923
SERPINB7,1.0,1924
PLXNA2,1.0,1925
AC098614.2,1.0,1926
SPIN1,1.0,1927
PARP4,1.0,1928
NBAS,1.0,1929
RNF40,1.0,1930
KISS1,1.0,1931
KLF11,1.0,1932
KMT2C,1.0,1933
PDZRN3,1.0,1934
DOCK8,1.0,1935
MEF2A,1.0,1936
EDN1,1.0,1937
NCALD,1.0,1938
SLC16A13,1.0,1939
SAA2,1.0,1940
AL365357.1,1.0,1941
FER,1.0,1942
DNAJB5,1.0,1943
CGREF1,1.0,1944
AC011445.1,1.0,1945
XCL2,1.0,1946
SOGA1,1.0,1947
SPIRE1,1.0,1948
SPTAN1,1.0,1949
CCDC74A,1.0,1950
SDC2,1.0,1951
KCTD11,1.0,1952
GCGR,1.0,1953
MX2,1.0,1954
NUDT4,1.0,1955
TRMT61B,1.0,1956
MAP3K5,1.0,1957
GLUD2,1.0,1958
PDGFA,1.0,1959
SCN4A,1.0,1960
TP53,1.0,1961
UBE3C,1.0,1962
TEAD1,1.0,1963
ARFGEF1,1.0,1964
ZRANB1,1.0,1965
LACC1,1.0,1966
IFIH1,1.0,1967
DUSP6,1.0,1968
CAB39,1.0,1969
HSPA8,1.0,1970
ANXA5,1.0,1971
LYZ,1.0,1972
HPR,1.0,1973
AXIN2,1.0,1974
ARHGAP29,1.0,1975
ADRB1,1.0,1976
OSBPL8,1.0,1977
IGHJ6,1.0,1978
RALGAPA1,1.0,1979
AC091492.1,1.0,1980
AC254633.1,1.0,1981
TTLL7,1.0,1982
CERT1,1.0,1983
C1orf195,1.0,1984
TRIM25,1.0,1985
PTPN14,1.0,1986
GPD1L,1.0,1987
NMU,1.0,1988
NDUFS1,1.0,1989
AP005432.2,1.0,1990
JADE2,1.0,1991
B2M,1.0,1992
EVA1A,1.0,1993
EFHD1,1.0,1994
CAPZA2,1.0,1995
LIPE,1.0,1996
FZD1,1.0,1997
VPS51,1.0,1998
PXN,1.0,1999
CHRM3,1.0,2000
AP1S3,1.0,2001
EHBP1,1.0,2002
AP003498.2,1.0,2003
AC007637.1,1.0,2004
SUSD5,1.0,2005
AC003965.2,1.0,2006
HIBADH,1.0,2007
ZDHHC9,1.0,2008
ABCA2,1.0,2009
SYT12,1.0,2010
ANKH,1.0,2011
ZBTB46,1.0,2012
AC093484.4,1.0,2013
PTPRM,1.0,2014
UGT1A8,1.0,2015
COLGALT1,1.0,2016
SOCS3,1.0,2017
MT2A,1.0,2018
TNFSF13,1.0,2019
MIR4768,1.0,2020
RBMS3,1.0,2021
GPR107,1.0,2022
ADH6,1.0,2023
IGLV1-40,1.0,2024
GRN,1.0,2025
TPT1P5,1.0,2026
KLF12,1.0,2027
HMOX1,1.0,2028
CAMK1D,1.0,2029
RANBP2,1.0,2030
ITPRIP,1.0,2031
SLC1A4,1.0,2032
CEP68,1.0,2033
DDIT3,1.0,2034
CRP,1.0,2035
INKA2,1.0,2036
SPTLC2,1.0,2037
HUWE1,1.0,2038
MMP9,1.0,2039
MACC1,1.0,2040
NOS3,1.0,2041
DARS1,1.0,2042
AC027702.1,1.0,2043
SUN2,1.0,2044
SCAMP1,1.0,2045
