stringId_A	stringId_B	preferredName_A	preferredName_B	ncbiTaxonId	score	nscore	fscore	pscore	ascore	escore	dscore	tscore
9606.ENSP00000074304	9606.ENSP00000422793	INPP4A	INPP4B	9606	0.911	0	0	0.058	0	0	0.9	0.137
9606.ENSP00000074304	9606.ENSP00000356155	INPP4A	PIK3C2B	9606	0.935	0	0	0	0.055	0	0.9	0.373
9606.ENSP00000160373	9606.ENSP00000317817	CTTNBP2	SH2D3C	9606	0.418	0	0	0	0	0	0	0.419
9606.ENSP00000205557	9606.ENSP00000265723	ABCC6	ABCB4	9606	0.443	0	0	0	0.238	0.076	0	0.271
9606.ENSP00000205557	9606.ENSP00000257770	ABCC6	NT5E	9606	0.457	0	0	0	0.086	0	0	0.43
9606.ENSP00000205557	9606.ENSP00000477502	ABCC6	NOMO2	9606	0.702	0	0	0	0	0.046	0	0.701
9606.ENSP00000216500	9606.ENSP00000267113	DHRS7	ESYT1	9606	0.463	0	0	0	0.062	0.451	0	0
9606.ENSP00000216780	9606.ENSP00000415743	PCK2	CD36	9606	0.463	0	0	0	0.067	0	0	0.448
9606.ENSP00000216780	9606.ENSP00000316924	PCK2	ACSS1	9606	0.871	0	0	0	0.115	0	0.8	0.332
9606.ENSP00000217407	9606.ENSP00000264498	LBP	FGF2	9606	0.411	0	0	0	0	0	0.4	0.06
9606.ENSP00000217407	9606.ENSP00000482457	LBP	PLCG2	9606	0.507	0	0	0	0	0	0	0.507
9606.ENSP00000217407	9606.ENSP00000236850	LBP	APOA1	9606	0.949	0	0	0	0.087	0.292	0	0.928
9606.ENSP00000218758	9606.ENSP00000362205	ACP5	TREM2	9606	0.427	0	0	0	0.188	0	0	0.324
9606.ENSP00000218758	9606.ENSP00000257770	ACP5	NT5E	9606	0.439	0	0	0	0.067	0	0	0.423
9606.ENSP00000218758	9606.ENSP00000226574	ACP5	NFKB1	9606	0.521	0	0	0	0.07	0.132	0.113	0.41
9606.ENSP00000218758	9606.ENSP00000357206	ACP5	NES	9606	0.528	0	0	0	0	0	0	0.528
9606.ENSP00000218758	9606.ENSP00000258415	ACP5	CYP27A1	9606	0.557	0	0	0	0.141	0	0	0.506
9606.ENSP00000218758	9606.ENSP00000230792	ACP5	NUDT12	9606	0.749	0.108	0	0	0	0.132	0.658	0.166
9606.ENSP00000219919	9606.ENSP00000243347	AQP9	TNFAIP6	9606	0.44	0	0	0	0.331	0	0	0.198
9606.ENSP00000223023	9606.ENSP00000315630	WASL	SWAP70	9606	0.432	0	0	0	0.049	0	0.4	0.085
9606.ENSP00000223023	9606.ENSP00000451300	WASL	NUMB	9606	0.472	0	0	0	0.049	0	0	0.467
9606.ENSP00000223023	9606.ENSP00000274376	WASL	RASA1	9606	0.532	0	0	0	0.074	0	0	0.516
9606.ENSP00000223023	9606.ENSP00000496414	WASL	RDX	9606	0.636	0	0	0	0.074	0	0	0.623
9606.ENSP00000223023	9606.ENSP00000500409	WASL	ARHGAP35	9606	0.747	0	0	0	0.063	0	0	0.741
9606.ENSP00000223023	9606.ENSP00000346671	WASL	FYN	9606	0.854	0	0	0	0	0.088	0.5	0.706
9606.ENSP00000223023	9606.ENSP00000268182	WASL	IQGAP1	9606	0.912	0	0	0	0.042	0.177	0.4	0.836
9606.ENSP00000225276	9606.ENSP00000414350	ST6GALNAC2	MUC20	9606	0.448	0	0	0	0.042	0	0.4	0.117
9606.ENSP00000225941	9606.ENSP00000362205	ABI3	TREM2	9606	0.65	0	0	0	0.086	0	0	0.633
9606.ENSP00000225941	9606.ENSP00000482457	ABI3	PLCG2	9606	0.67	0	0	0	0.109	0	0	0.645
9606.ENSP00000226574	9606.ENSP00000351059	NFKB1	CX3CR1	9606	0.402	0	0	0	0	0.045	0	0.4
9606.ENSP00000226574	9606.ENSP00000257770	NFKB1	NT5E	9606	0.408	0	0	0	0.06	0	0.113	0.348
9606.ENSP00000226574	9606.ENSP00000377833	NFKB1	ANXA4	9606	0.41	0	0	0	0.062	0.292	0	0.183
9606.ENSP00000226574	9606.ENSP00000461879	NFKB1	POLR2A	9606	0.418	0	0	0	0.08	0.264	0	0.209
9606.ENSP00000226574	9606.ENSP00000254958	NFKB1	JAG1	9606	0.429	0	0	0	0.064	0.098	0	0.379
9606.ENSP00000226574	9606.ENSP00000409346	NFKB1	CISH	9606	0.44	0	0	0	0.075	0	0	0.419
9606.ENSP00000226574	9606.ENSP00000478490	NFKB1	YTHDF3	9606	0.451	0	0	0	0.066	0	0	0.436
9606.ENSP00000226574	9606.ENSP00000274376	NFKB1	RASA1	9606	0.452	0	0	0	0.049	0.049	0	0.443
9606.ENSP00000226574	9606.ENSP00000270139	NFKB1	IFNAR1	9606	0.464	0	0	0	0.07	0	0	0.447
9606.ENSP00000226574	9606.ENSP00000482457	NFKB1	PLCG2	9606	0.47	0	0	0	0.113	0	0	0.427
9606.ENSP00000226574	9606.ENSP00000349723	NFKB1	BCL11B	9606	0.488	0	0	0	0.042	0.091	0	0.46
9606.ENSP00000226574	9606.ENSP00000264498	NFKB1	FGF2	9606	0.506	0	0	0	0	0	0	0.506
9606.ENSP00000226574	9606.ENSP00000363157	NFKB1	TNFSF15	9606	0.511	0	0	0	0.071	0.292	0	0.316
9606.ENSP00000226574	9606.ENSP00000280772	NFKB1	ANK3	9606	0.531	0	0	0	0.042	0	0	0.531
9606.ENSP00000226574	9606.ENSP00000419692	NFKB1	RXRA	9606	0.548	0	0	0	0.065	0.292	0	0.371
9606.ENSP00000226574	9606.ENSP00000374265	NFKB1	GPX2	9606	0.554	0	0	0	0	0.051	0	0.549
9606.ENSP00000226574	9606.ENSP00000346671	NFKB1	FYN	9606	0.636	0	0	0	0.113	0.095	0	0.584
9606.ENSP00000226574	9606.ENSP00000265734	NFKB1	CDK6	9606	0.672	0	0	0	0.092	0.116	0	0.624
9606.ENSP00000226574	9606.ENSP00000415743	NFKB1	CD36	9606	0.693	0	0	0	0.104	0.1	0	0.649
9606.ENSP00000226574	9606.ENSP00000262013	NFKB1	SPAG9	9606	0.694	0	0	0	0.081	0.675	0	0.06
9606.ENSP00000226574	9606.ENSP00000268638	NFKB1	IRF8	9606	0.701	0	0	0	0.178	0.305	0	0.519
9606.ENSP00000226574	9606.ENSP00000294728	NFKB1	VCAM1	9606	0.769	0	0	0	0.107	0	0	0.752
9606.ENSP00000226574	9606.ENSP00000385216	NFKB1	NCOA1	9606	0.781	0	0	0	0.11	0.51	0	0.538
9606.ENSP00000226574	9606.ENSP00000369213	NFKB1	DDX58	9606	0.882	0	0	0	0.098	0.045	0.5	0.759
9606.ENSP00000226574	9606.ENSP00000372042	NFKB1	PPP2R2C	9606	0.914	0	0	0	0	0.095	0.9	0.134
9606.ENSP00000226574	9606.ENSP00000337383	NFKB1	NLRP3	9606	0.981	0	0	0	0.099	0.093	0.9	0.796
9606.ENSP00000230792	9606.ENSP00000368452	NUDT12	NUDT2	9606	0.787	0.057	0	0	0.049	0.087	0	0.771
9606.ENSP00000230792	9606.ENSP00000265016	NUDT12	BST1	9606	0.915	0	0	0	0	0	0.9	0.188
9606.ENSP00000230792	9606.ENSP00000257770	NUDT12	NT5E	9606	0.981	0.122	0	0	0	0	0.98	0
9606.ENSP00000234091	9606.ENSP00000346671	ID2	FYN	9606	0.428	0	0	0	0.056	0	0	0.419
9606.ENSP00000234091	9606.ENSP00000484552	ID2	GJA5	9606	0.465	0	0	0	0.047	0	0	0.462
9606.ENSP00000234091	9606.ENSP00000363689	ID2	ID3	9606	0.545	0	0	0	0.16	0.091	0	0.452
9606.ENSP00000234091	9606.ENSP00000349723	ID2	BCL11B	9606	0.551	0	0	0	0.06	0.058	0	0.534
9606.ENSP00000234091	9606.ENSP00000268638	ID2	IRF8	9606	0.646	0	0	0	0.063	0	0	0.638
9606.ENSP00000236850	9606.ENSP00000294016	APOA1	ADCY9	9606	0.424	0	0	0	0	0	0	0.424
9606.ENSP00000236850	9606.ENSP00000385216	APOA1	NCOA1	9606	0.449	0	0	0	0	0	0.4	0.12
9606.ENSP00000236850	9606.ENSP00000258415	APOA1	CYP27A1	9606	0.455	0	0	0	0.103	0	0	0.417
9606.ENSP00000236850	9606.ENSP00000275525	APOA1	IGFBP1	9606	0.515	0	0	0	0.346	0	0	0.289
9606.ENSP00000236850	9606.ENSP00000385035	APOA1	C1S	9606	0.527	0	0	0	0.06	0	0	0.517
9606.ENSP00000236850	9606.ENSP00000419692	APOA1	RXRA	9606	0.567	0	0	0	0	0	0.4	0.308
9606.ENSP00000236850	9606.ENSP00000374265	APOA1	GPX2	9606	0.612	0	0	0	0.092	0	0	0.591
9606.ENSP00000236850	9606.ENSP00000294728	APOA1	VCAM1	9606	0.623	0	0	0	0.042	0.166	0	0.567
9606.ENSP00000236850	9606.ENSP00000362205	APOA1	TREM2	9606	0.645	0	0	0	0	0.292	0	0.52
9606.ENSP00000236850	9606.ENSP00000289547	APOA1	NPC1L1	9606	0.811	0	0	0	0.107	0	0	0.798
9606.ENSP00000236850	9606.ENSP00000415743	APOA1	CD36	9606	0.917	0	0	0	0	0	0.7	0.737
9606.ENSP00000243347	9606.ENSP00000337383	TNFAIP6	NLRP3	9606	0.465	0	0	0	0.097	0	0	0.431
9606.ENSP00000243347	9606.ENSP00000257770	TNFAIP6	NT5E	9606	0.542	0	0	0	0	0	0	0.542
9606.ENSP00000243347	9606.ENSP00000264498	TNFAIP6	FGF2	9606	0.771	0	0	0	0.075	0.363	0	0.644
9606.ENSP00000254958	9606.ENSP00000265734	JAG1	CDK6	9606	0.4	0	0	0	0.069	0.092	0	0.347
9606.ENSP00000254958	9606.ENSP00000315630	JAG1	SWAP70	9606	0.405	0	0	0	0.049	0	0.4	0
9606.ENSP00000254958	9606.ENSP00000377721	JAG1	NR2F2	9606	0.406	0	0	0	0.081	0.05	0	0.374
9606.ENSP00000254958	9606.ENSP00000294728	JAG1	VCAM1	9606	0.469	0	0	0	0.062	0.113	0	0.414
9606.ENSP00000254958	9606.ENSP00000357206	JAG1	NES	9606	0.524	0	0	0	0.085	0.091	0	0.474
9606.ENSP00000254958	9606.ENSP00000264498	JAG1	FGF2	9606	0.536	0	0	0	0.06	0.042	0	0.525
9606.ENSP00000254958	9606.ENSP00000280772	JAG1	ANK3	9606	0.605	0	0	0	0.064	0.098	0	0.57
9606.ENSP00000254958	9606.ENSP00000451300	JAG1	NUMB	9606	0.773	0	0	0	0.061	0.102	0	0.752
9606.ENSP00000256707	9606.ENSP00000354775	KIDINS220	PJA2	9606	0.482	0	0	0	0.482	0	0	0
9606.ENSP00000257770	9606.ENSP00000265016	NT5E	BST1	9606	0.433	0	0	0	0.043	0	0	0.432
9606.ENSP00000257770	9606.ENSP00000419085	NT5E	TIGIT	9606	0.522	0	0	0	0	0	0	0.522
9606.ENSP00000257770	9606.ENSP00000347213	NT5E	ENTPD2	9606	0.619	0	0	0	0	0	0.152	0.57
9606.ENSP00000257770	9606.ENSP00000357206	NT5E	NES	9606	0.64	0	0	0	0.062	0	0	0.632
9606.ENSP00000257770	9606.ENSP00000264498	NT5E	FGF2	9606	0.692	0	0	0	0.087	0	0	0.676
9606.ENSP00000257770	9606.ENSP00000294728	NT5E	VCAM1	9606	0.724	0	0	0	0.045	0.139	0	0.692
9606.ENSP00000257818	9606.ENSP00000482457	LMO2	PLCG2	9606	0.438	0	0	0	0.117	0	0	0.39
9606.ENSP00000257818	9606.ENSP00000358064	LMO2	RPRD2	9606	0.45	0	0	0	0	0.45	0	0
9606.ENSP00000257818	9606.ENSP00000461879	LMO2	POLR2A	9606	0.474	0	0	0	0.042	0.445	0	0.091
9606.ENSP00000257818	9606.ENSP00000349723	LMO2	BCL11B	9606	0.647	0	0	0	0.049	0.071	0	0.632
9606.ENSP00000258198	9606.ENSP00000262013	DYNC1LI2	SPAG9	9606	0.4	0	0	0	0.21	0.074	0	0.246
9606.ENSP00000258198	9606.ENSP00000365630	DYNC1LI2	RASEF	9606	0.548	0	0	0	0	0.546	0	0.045
9606.ENSP00000258383	9606.ENSP00000301364	MRPL44	TSR1	9606	0.524	0	0	0	0.192	0.435	0	0
9606.ENSP00000258383	9606.ENSP00000427004	MRPL44	GFM2	9606	0.874	0	0	0	0.101	0.811	0	0.321
9606.ENSP00000258415	9606.ENSP00000415743	CYP27A1	CD36	9606	0.448	0	0	0	0.065	0	0	0.433
9606.ENSP00000258415	9606.ENSP00000419692	CYP27A1	RXRA	9606	0.469	0	0	0	0.085	0.056	0	0.435
9606.ENSP00000258415	9606.ENSP00000265723	CYP27A1	ABCB4	9606	0.556	0	0	0	0.067	0.05	0	0.538
9606.ENSP00000258415	9606.ENSP00000289547	CYP27A1	NPC1L1	9606	0.638	0	0	0	0	0	0	0.638
9606.ENSP00000258415	9606.ENSP00000416515	CYP27A1	FDXR	9606	0.832	0	0	0	0	0	0	0.832
9606.ENSP00000260818	9606.ENSP00000446830	DNAJC13	DNAJC22	9606	0.448	0	0	0	0	0	0	0.448
9606.ENSP00000260818	9606.ENSP00000274376	DNAJC13	RASA1	9606	0.489	0	0	0	0.461	0	0	0.091
9606.ENSP00000262138	9606.ENSP00000372042	CACNG4	PPP2R2C	9606	0.665	0	0	0	0.083	0	0.65	0
9606.ENSP00000262138	9606.ENSP00000288139	CACNG4	CACNA1D	9606	0.986	0	0	0	0.049	0	0.9	0.872
9606.ENSP00000262186	9606.ENSP00000273063	KCNH2	SLC4A3	9606	0.441	0	0	0	0.142	0	0	0.375
9606.ENSP00000262186	9606.ENSP00000355537	KCNH2	ACTN2	9606	0.451	0	0	0	0.067	0.079	0	0.412
9606.ENSP00000262186	9606.ENSP00000288139	KCNH2	CACNA1D	9606	0.485	0	0	0	0	0.059	0	0.475
9606.ENSP00000262186	9606.ENSP00000484552	KCNH2	GJA5	9606	0.575	0	0	0	0	0	0	0.575
9606.ENSP00000262186	9606.ENSP00000322460	KCNH2	SCN4B	9606	0.834	0	0	0	0.083	0	0	0.827
9606.ENSP00000262198	9606.ENSP00000361219	ADNP2	GTF3C4	9606	0.544	0	0	0	0.544	0	0	0
9606.ENSP00000263239	9606.ENSP00000359095	DDX18	PRMT6	9606	0.438	0	0	0	0.388	0.094	0	0.068
9606.ENSP00000263239	9606.ENSP00000301364	DDX18	TSR1	9606	0.951	0	0	0	0.91	0.23	0	0.35
9606.ENSP00000264414	9606.ENSP00000344855	CUL3	FBXL14	9606	0.457	0	0	0	0.042	0.343	0	0.206
9606.ENSP00000264414	9606.ENSP00000408292	CUL3	TRIM32	9606	0.459	0	0	0	0.044	0.292	0	0.266
9606.ENSP00000264414	9606.ENSP00000374265	CUL3	GPX2	9606	0.472	0	0	0	0	0	0	0.472
9606.ENSP00000264414	9606.ENSP00000384823	CUL3	FBXO11	9606	0.559	0	0	0	0.169	0.045	0	0.489
9606.ENSP00000264414	9606.ENSP00000409346	CUL3	CISH	9606	0.574	0	0	0	0	0	0	0.574
9606.ENSP00000264414	9606.ENSP00000280772	CUL3	ANK3	9606	0.674	0	0	0	0.047	0.098	0	0.651
9606.ENSP00000264498	9606.ENSP00000436607	FGF2	ADM	9606	0.413	0	0	0	0.062	0	0	0.4
9606.ENSP00000264498	9606.ENSP00000385035	FGF2	C1S	9606	0.518	0	0	0	0.099	0	0	0.488
9606.ENSP00000264498	9606.ENSP00000461879	FGF2	POLR2A	9606	0.531	0	0	0	0	0	0.5	0.102
9606.ENSP00000264498	9606.ENSP00000294728	FGF2	VCAM1	9606	0.613	0	0	0	0.06	0	0	0.606
9606.ENSP00000264498	9606.ENSP00000357206	FGF2	NES	9606	0.836	0	0	0	0.102	0.045	0	0.825
9606.ENSP00000264498	9606.ENSP00000267101	FGF2	ERBB3	9606	0.884	0	0	0	0.055	0	0.65	0.678
9606.ENSP00000264498	9606.ENSP00000302234	FGF2	CCL11	9606	0.968	0	0	0	0.07	0	0	0.968
9606.ENSP00000265723	9606.ENSP00000385216	ABCB4	NCOA1	9606	0.444	0	0	0	0	0	0.4	0.111
9606.ENSP00000265723	9606.ENSP00000289547	ABCB4	NPC1L1	9606	0.501	0	0	0	0.086	0.068	0	0.461
9606.ENSP00000265723	9606.ENSP00000419692	ABCB4	RXRA	9606	0.52	0	0	0	0	0	0.4	0.232
9606.ENSP00000265734	9606.ENSP00000461879	CDK6	POLR2A	9606	0.421	0	0	0	0.146	0.178	0	0.241
9606.ENSP00000265734	9606.ENSP00000287275	CDK6	GLYATL2	9606	0.421	0	0	0	0.139	0.301	0	0.116
9606.ENSP00000265734	9606.ENSP00000280772	CDK6	ANK3	9606	0.586	0	0	0	0	0.094	0	0.562
9606.ENSP00000267082	9606.ENSP00000363689	ITGB7	ID3	9606	0.468	0	0	0	0.042	0	0	0.468
9606.ENSP00000267082	9606.ENSP00000294728	ITGB7	VCAM1	9606	0.974	0	0	0	0.062	0	0.9	0.752
9606.ENSP00000267101	9606.ENSP00000297205	ERBB3	STEAP1	9606	0.436	0	0	0	0	0	0	0.436
9606.ENSP00000267101	9606.ENSP00000418754	ERBB3	PTK7	9606	0.482	0	0	0	0.081	0.091	0	0.43
9606.ENSP00000267101	9606.ENSP00000376333	ERBB3	LLGL2	9606	0.528	0	0	0	0.097	0	0	0.499
9606.ENSP00000267101	9606.ENSP00000358140	ERBB3	EIF3A	9606	0.535	0	0	0	0	0	0	0.535
9606.ENSP00000267101	9606.ENSP00000274376	ERBB3	RASA1	9606	0.604	0	0	0	0	0.423	0	0.341
9606.ENSP00000267101	9606.ENSP00000346671	ERBB3	FYN	9606	0.678	0	0	0	0	0.115	0.4	0.443
9606.ENSP00000267101	9606.ENSP00000328777	ERBB3	EFNA5	9606	0.686	0	0	0	0	0	0.65	0.141
9606.ENSP00000267101	9606.ENSP00000482457	ERBB3	PLCG2	9606	0.933	0	0	0	0	0.224	0.9	0.207
9606.ENSP00000267113	9606.ENSP00000435365	ESYT1	TOR1AIP1	9606	0.427	0	0	0	0.085	0	0.4	0
9606.ENSP00000267113	9606.ENSP00000499020	ESYT1	ESYT2	9606	0.97	0	0	0	0.138	0.829	0.8	0.131
9606.ENSP00000267377	9606.ENSP00000354652	SSTR1	NPY1R	9606	0.668	0	0	0	0.092	0	0.5	0.328
9606.ENSP00000268182	9606.ENSP00000299505	IQGAP1	KIAA0355	9606	0.4	0	0	0	0	0	0.4	0
9606.ENSP00000268182	9606.ENSP00000500409	IQGAP1	ARHGAP35	9606	0.402	0	0	0	0.098	0	0	0.364
9606.ENSP00000268182	9606.ENSP00000451300	IQGAP1	NUMB	9606	0.415	0	0	0	0.113	0.292	0	0.144
9606.ENSP00000268182	9606.ENSP00000274376	IQGAP1	RASA1	9606	0.417	0	0	0	0.097	0.071	0	0.36
9606.ENSP00000268182	9606.ENSP00000289013	IQGAP1	RHPN1	9606	0.422	0	0	0	0	0	0.4	0.077
9606.ENSP00000268182	9606.ENSP00000441802	IQGAP1	PCDH7	9606	0.433	0	0	0	0	0.065	0.4	0.071
9606.ENSP00000268182	9606.ENSP00000315630	IQGAP1	SWAP70	9606	0.511	0	0	0	0.116	0	0.4	0.151
9606.ENSP00000268182	9606.ENSP00000359552	IQGAP1	PKN2	9606	0.548	0	0	0	0.131	0	0.4	0.203
9606.ENSP00000268638	9606.ENSP00000420384	IRF8	CST7	9606	0.409	0	0	0	0.237	0	0	0.256
9606.ENSP00000268638	9606.ENSP00000291759	IRF8	LILRA4	9606	0.415	0	0	0	0.21	0	0	0.29
9606.ENSP00000268638	9606.ENSP00000369213	IRF8	DDX58	9606	0.459	0	0	0	0.08	0.095	0	0.403
9606.ENSP00000268638	9606.ENSP00000270139	IRF8	IFNAR1	9606	0.478	0	0	0	0.057	0	0	0.469
9606.ENSP00000268638	9606.ENSP00000294728	IRF8	VCAM1	9606	0.482	0	0	0	0.122	0	0	0.434
9606.ENSP00000268638	9606.ENSP00000415743	IRF8	CD36	9606	0.499	0	0	0	0.131	0	0	0.447
9606.ENSP00000268638	9606.ENSP00000362205	IRF8	TREM2	9606	0.504	0	0	0	0.111	0	0	0.465
9606.ENSP00000268638	9606.ENSP00000351059	IRF8	CX3CR1	9606	0.581	0	0	0	0.122	0	0	0.543
9606.ENSP00000270139	9606.ENSP00000337383	IFNAR1	NLRP3	9606	0.424	0	0	0	0	0	0	0.424
9606.ENSP00000270139	9606.ENSP00000409346	IFNAR1	CISH	9606	0.514	0	0	0	0.055	0	0	0.507
9606.ENSP00000270139	9606.ENSP00000369213	IFNAR1	DDX58	9606	0.791	0	0	0	0.125	0	0	0.772
9606.ENSP00000274376	9606.ENSP00000280772	RASA1	ANK3	9606	0.433	0	0	0	0.042	0.094	0	0.4
9606.ENSP00000274376	9606.ENSP00000274498	RASA1	ARHGAP26	9606	0.652	0	0	0	0.049	0.071	0	0.638
9606.ENSP00000274376	9606.ENSP00000372924	RASA1	RALBP1	9606	0.756	0	0	0	0.049	0.091	0	0.741
9606.ENSP00000274376	9606.ENSP00000328777	RASA1	EFNA5	9606	0.962	0	0	0	0	0	0.9	0.642
9606.ENSP00000274376	9606.ENSP00000500409	RASA1	ARHGAP35	9606	0.999	0	0	0	0.049	0.973	0.9	0.993
9606.ENSP00000274498	9606.ENSP00000429344	ARHGAP26	PNMA2	9606	0.502	0	0	0	0	0.052	0	0.496
9606.ENSP00000275525	9606.ENSP00000285311	IGFBP1	DKK2	9606	0.423	0	0	0	0.055	0	0	0.415
9606.ENSP00000277225	9606.ENSP00000358064	ZNF462	RPRD2	9606	0.453	0	0	0	0.049	0	0	0.448
9606.ENSP00000277225	9606.ENSP00000383920	ZNF462	ASXL2	9606	0.915	0	0	0	0.049	0.046	0	0.914
9606.ENSP00000280772	9606.ENSP00000451300	ANK3	NUMB	9606	0.55	0	0	0	0.042	0	0	0.549
9606.ENSP00000280772	9606.ENSP00000363654	ANK3	PALM2AKAP2	9606	0.598	0	0	0	0	0.598	0	0
9606.ENSP00000280772	9606.ENSP00000346671	ANK3	FYN	9606	0.617	0	0	0	0	0.095	0	0.595
9606.ENSP00000280772	9606.ENSP00000496414	ANK3	RDX	9606	0.641	0	0	0	0.042	0	0	0.64
9606.ENSP00000280772	9606.ENSP00000322460	ANK3	SCN4B	9606	0.645	0	0	0	0.098	0	0.5	0.276
9606.ENSP00000280772	9606.ENSP00000409346	ANK3	CISH	9606	0.806	0	0	0	0	0.045	0	0.806
9606.ENSP00000282276	9606.ENSP00000427004	MARS2	GFM2	9606	0.468	0	0	0	0.324	0	0	0.246
9606.ENSP00000285873	9606.ENSP00000378687	GEMIN5	POM121	9606	0.428	0	0	0	0.062	0.065	0.4	0
9606.ENSP00000288139	9606.ENSP00000378310	CACNA1D	SLC39A8	9606	0.43	0	0	0	0.061	0	0	0.418
9606.ENSP00000288139	9606.ENSP00000294016	CACNA1D	ADCY9	9606	0.434	0	0	0	0.068	0	0	0.417
9606.ENSP00000288139	9606.ENSP00000362071	CACNA1D	JPH2	9606	0.531	0	0	0	0.079	0.312	0	0.32
9606.ENSP00000288139	9606.ENSP00000355537	CACNA1D	ACTN2	9606	0.579	0	0	0	0.103	0.23	0	0.44
9606.ENSP00000288139	9606.ENSP00000372042	CACNA1D	PPP2R2C	9606	0.675	0	0	0	0.05	0.058	0.65	0.087
9606.ENSP00000289013	9606.ENSP00000297265	RHPN1	CHMP4C	9606	0.49	0	0	0	0.056	0.408	0	0.161
9606.ENSP00000289081	9606.ENSP00000336866	FANCC	RBBP9	9606	0.404	0	0	0	0.067	0	0	0.388
9606.ENSP00000289081	9606.ENSP00000373952	FANCC	FANCA	9606	0.999	0	0	0	0.148	0.998	0.9	0.999
9606.ENSP00000289547	9606.ENSP00000341324	NPC1L1	SRFBP1	9606	0.541	0	0	0	0	0	0	0.541
9606.ENSP00000289547	9606.ENSP00000415743	NPC1L1	CD36	9606	0.595	0	0	0	0.104	0	0	0.566
9606.ENSP00000289547	9606.ENSP00000451300	NPC1L1	NUMB	9606	0.597	0	0	0	0	0	0	0.597
9606.ENSP00000291688	9606.ENSP00000291691	MCM3AP	C21orf58	9606	0.438	0	0	0	0.049	0	0	0.434
9606.ENSP00000294016	9606.ENSP00000347213	ADCY9	ENTPD2	9606	0.901	0	0	0	0.055	0	0.9	0
9606.ENSP00000294016	9606.ENSP00000368452	ADCY9	NUDT2	9606	0.912	0	0	0	0	0	0.9	0.161
9606.ENSP00000294728	9606.ENSP00000385035	VCAM1	C1S	9606	0.434	0	0	0	0.252	0.125	0	0.205
9606.ENSP00000294728	9606.ENSP00000357206	VCAM1	NES	9606	0.468	0	0	0	0.078	0	0	0.447
9606.ENSP00000294728	9606.ENSP00000374265	VCAM1	GPX2	9606	0.473	0	0	0	0	0	0	0.473
9606.ENSP00000294728	9606.ENSP00000337383	VCAM1	NLRP3	9606	0.483	0	0	0	0.044	0.095	0	0.45
9606.ENSP00000294728	9606.ENSP00000496414	VCAM1	RDX	9606	0.495	0	0	0	0.047	0.12	0	0.447
9606.ENSP00000294728	9606.ENSP00000302234	VCAM1	CCL11	9606	0.723	0	0	0	0.102	0.096	0	0.687
9606.ENSP00000294728	9606.ENSP00000351059	VCAM1	CX3CR1	9606	0.754	0	0	0	0.058	0.098	0	0.734
9606.ENSP00000294728	9606.ENSP00000415743	VCAM1	CD36	9606	0.771	0	0	0	0.093	0	0	0.758
9606.ENSP00000296464	9606.ENSP00000378687	HSPA4L	POM121	9606	0.437	0	0	0	0	0.101	0.4	0
9606.ENSP00000296464	9606.ENSP00000446830	HSPA4L	DNAJC22	9606	0.574	0.041	0	0	0.236	0.142	0.162	0.316
9606.ENSP00000296695	9606.ENSP00000421048	SPINK1	SPINK13	9606	0.506	0	0	0	0	0	0	0.506
9606.ENSP00000297205	9606.ENSP00000378310	STEAP1	SLC39A8	9606	0.435	0	0	0	0.042	0	0	0.435
9606.ENSP00000299505	9606.ENSP00000315630	KIAA0355	SWAP70	9606	0.426	0	0	0	0.083	0	0.4	0
9606.ENSP00000301364	9606.ENSP00000359095	TSR1	PRMT6	9606	0.409	0	0	0	0.34	0.132	0	0.051
9606.ENSP00000301364	9606.ENSP00000461879	TSR1	POLR2A	9606	0.539	0	0	0	0.075	0	0	0.522
9606.ENSP00000301364	9606.ENSP00000341324	TSR1	SRFBP1	9606	0.747	0	0	0	0.439	0.489	0	0.189
9606.ENSP00000302234	9606.ENSP00000351059	CCL11	CX3CR1	9606	0.874	0	0	0	0	0	0.65	0.656
9606.ENSP00000309767	9606.ENSP00000369213	NLRP6	DDX58	9606	0.698	0	0	0	0.087	0.054	0	0.678
9606.ENSP00000309767	9606.ENSP00000337383	NLRP6	NLRP3	9606	0.998	0	0	0	0.062	0	0.9	0.985
9606.ENSP00000315630	9606.ENSP00000359552	SWAP70	PKN2	9606	0.408	0	0	0	0.051	0	0.4	0.044
9606.ENSP00000317817	9606.ENSP00000369213	SH2D3C	DDX58	9606	0.576	0	0	0	0.045	0.048	0	0.571
9606.ENSP00000322460	9606.ENSP00000484552	SCN4B	GJA5	9606	0.401	0	0	0	0.083	0	0	0.374
9606.ENSP00000322460	9606.ENSP00000362071	SCN4B	JPH2	9606	0.403	0	0	0	0.06	0	0	0.391
9606.ENSP00000322460	9606.ENSP00000355537	SCN4B	ACTN2	9606	0.416	0	0	0	0.182	0	0	0.316
9606.ENSP00000323847	9606.ENSP00000422793	ARL14	INPP4B	9606	0.442	0	0	0	0.054	0	0	0.434
9606.ENSP00000328777	9606.ENSP00000346671	EFNA5	FYN	9606	0.931	0	0	0	0	0.098	0.9	0.297
9606.ENSP00000330587	9606.ENSP00000362127	MT1H	MTF1	9606	0.432	0	0	0	0.043	0	0	0.43
9606.ENSP00000331342	9606.ENSP00000332325	RAB11FIP1	ZNF703	9606	0.493	0	0	0	0.05	0	0	0.488
9606.ENSP00000331342	9606.ENSP00000496414	RAB11FIP1	RDX	9606	0.514	0	0	0	0.049	0	0	0.51
9606.ENSP00000332756	9606.ENSP00000341198	ATP11C	NEO1	9606	0.424	0	0	0	0	0	0	0.424
9606.ENSP00000334314	9606.ENSP00000356828	EML1	RCSD1	9606	0.447	0	0	0	0	0	0	0.447
9606.ENSP00000336866	9606.ENSP00000338844	RBBP9	SEC23B	9606	0.509	0	0	0	0.103	0	0	0.475
9606.ENSP00000337383	9606.ENSP00000362205	NLRP3	TREM2	9606	0.404	0	0	0	0.089	0	0	0.373
9606.ENSP00000337383	9606.ENSP00000374265	NLRP3	GPX2	9606	0.413	0	0	0	0	0.058	0	0.403
9606.ENSP00000337383	9606.ENSP00000415743	NLRP3	CD36	9606	0.544	0	0	0	0.115	0	0	0.506
9606.ENSP00000337383	9606.ENSP00000386830	NLRP3	MARCHF7	9606	0.582	0	0	0	0	0.292	0	0.434
9606.ENSP00000337383	9606.ENSP00000369213	NLRP3	DDX58	9606	0.817	0	0	0	0.072	0	0	0.811
9606.ENSP00000338629	9606.ENSP00000349723	RERE	BCL11B	9606	0.524	0	0	0	0	0.053	0	0.518
9606.ENSP00000338629	9606.ENSP00000377721	RERE	NR2F2	9606	0.887	0	0	0	0	0.092	0	0.881
9606.ENSP00000341198	9606.ENSP00000346671	NEO1	FYN	9606	0.455	0	0	0	0.042	0.091	0	0.425
9606.ENSP00000344855	9606.ENSP00000384823	FBXL14	FBXO11	9606	0.772	0	0	0	0	0	0	0.772
9606.ENSP00000346671	9606.ENSP00000363654	FYN	PALM2AKAP2	9606	0.446	0	0	0	0.06	0	0	0.435
9606.ENSP00000346671	9606.ENSP00000347852	FYN	SORBS2	9606	0.463	0	0	0	0	0	0	0.464
9606.ENSP00000346671	9606.ENSP00000500409	FYN	ARHGAP35	9606	0.502	0	0	0	0	0.067	0	0.488
9606.ENSP00000346671	9606.ENSP00000496414	FYN	RDX	9606	0.522	0	0	0	0	0.044	0	0.52
9606.ENSP00000346671	9606.ENSP00000362205	FYN	TREM2	9606	0.587	0	0	0	0.06	0	0.5	0.193
9606.ENSP00000346671	9606.ENSP00000482457	FYN	PLCG2	9606	0.936	0	0	0	0.06	0.301	0.8	0.57
9606.ENSP00000346671	9606.ENSP00000415743	FYN	CD36	9606	0.983	0	0	0	0.048	0.63	0	0.958
9606.ENSP00000349723	9606.ENSP00000357206	BCL11B	NES	9606	0.582	0	0	0	0	0.053	0	0.576
9606.ENSP00000349723	9606.ENSP00000377721	BCL11B	NR2F2	9606	0.899	0	0	0	0	0.067	0	0.897
9606.ENSP00000351059	9606.ENSP00000377833	CX3CR1	ANXA4	9606	0.449	0	0	0	0.066	0	0	0.434
9606.ENSP00000351059	9606.ENSP00000415743	CX3CR1	CD36	9606	0.524	0	0	0	0.123	0	0	0.48
9606.ENSP00000351059	9606.ENSP00000420384	CX3CR1	CST7	9606	0.555	0	0	0	0.187	0	0	0.475
9606.ENSP00000351059	9606.ENSP00000362205	CX3CR1	TREM2	9606	0.767	0	0	0	0.136	0	0	0.742
9606.ENSP00000355537	9606.ENSP00000362071	ACTN2	JPH2	9606	0.601	0	0	0	0.164	0	0	0.543
9606.ENSP00000356155	9606.ENSP00000409346	PIK3C2B	CISH	9606	0.586	0	0	0	0.078	0	0.54	0.102
9606.ENSP00000356155	9606.ENSP00000482457	PIK3C2B	PLCG2	9606	0.7	0	0	0	0.101	0	0.65	0.125
9606.ENSP00000356155	9606.ENSP00000422793	PIK3C2B	INPP4B	9606	0.935	0	0	0	0	0	0.9	0.384
9606.ENSP00000356280	9606.ENSP00000416515	PHLDA3	FDXR	9606	0.471	0	0	0	0.125	0	0	0.421
9606.ENSP00000358064	9606.ENSP00000461879	RPRD2	POLR2A	9606	0.758	0	0	0	0.067	0.363	0.5	0.283
9606.ENSP00000358140	9606.ENSP00000458986	EIF3A	CLUH	9606	0.447	0	0	0	0.135	0.091	0	0.353
9606.ENSP00000358140	9606.ENSP00000377344	EIF3A	DDX60	9606	0.488	0	0	0	0.106	0.404	0	0.116
9606.ENSP00000359095	9606.ENSP00000477907	PRMT6	H2BC14	9606	0.537	0	0	0	0.042	0.071	0.5	0.082
9606.ENSP00000359552	9606.ENSP00000441802	PKN2	PCDH7	9606	0.402	0	0	0	0	0	0.4	0.045
9606.ENSP00000359552	9606.ENSP00000482457	PKN2	PLCG2	9606	0.451	0	0	0	0	0	0	0.451
9606.ENSP00000362071	9606.ENSP00000484552	JPH2	GJA5	9606	0.402	0	0	0	0.086	0	0	0.373
9606.ENSP00000362127	9606.ENSP00000378310	MTF1	SLC39A8	9606	0.578	0	0	0	0	0	0	0.578
9606.ENSP00000362205	9606.ENSP00000415743	TREM2	CD36	9606	0.521	0	0	0	0.067	0	0	0.508
9606.ENSP00000362205	9606.ENSP00000420384	TREM2	CST7	9606	0.66	0	0	0	0.059	0	0	0.654
9606.ENSP00000362205	9606.ENSP00000482457	TREM2	PLCG2	9606	0.782	0	0	0	0.049	0	0.5	0.579
9606.ENSP00000362774	9606.ENSP00000478490	RC3H2	YTHDF3	9606	0.507	0	0	0	0.126	0.46	0	0
9606.ENSP00000365757	9606.ENSP00000496414	PIP4K2A	RDX	9606	0.423	0	0	0	0	0	0	0.423
9606.ENSP00000365757	9606.ENSP00000482457	PIP4K2A	PLCG2	9606	0.722	0	0	0	0.062	0	0.697	0.099
9606.ENSP00000366974	9606.ENSP00000461879	H4C2	POLR2A	9606	0.883	0	0	0	0	0.877	0	0.093
9606.ENSP00000366974	9606.ENSP00000477907	H4C2	H2BC14	9606	0.967	0	0.06	0	0.548	0.915	0	0.188
9606.ENSP00000367309	9606.ENSP00000374265	MAOB	GPX2	9606	0.583	0	0	0	0.054	0	0	0.577
9606.ENSP00000369213	9606.ENSP00000409346	DDX58	CISH	9606	0.442	0	0	0	0.089	0	0	0.413
9606.ENSP00000369213	9606.ENSP00000408292	DDX58	TRIM32	9606	0.548	0	0	0	0.042	0.311	0	0.371
9606.ENSP00000369213	9606.ENSP00000377344	DDX58	DDX60	9606	0.992	0	0	0	0.794	0.094	0	0.963
9606.ENSP00000372924	9606.ENSP00000451300	RALBP1	NUMB	9606	0.517	0	0	0	0.056	0.51	0	0
9606.ENSP00000374183	9606.ENSP00000499020	CAMSAP1	ESYT2	9606	0.443	0	0	0	0.049	0	0	0.438
9606.ENSP00000377721	9606.ENSP00000484552	NR2F2	GJA5	9606	0.505	0	0	0	0.062	0	0	0.494
9606.ENSP00000377721	9606.ENSP00000385216	NR2F2	NCOA1	9606	0.585	0	0	0	0	0.183	0	0.513
9606.ENSP00000383920	9606.ENSP00000385216	ASXL2	NCOA1	9606	0.63	0	0	0	0.143	0	0	0.586
9606.ENSP00000385216	9606.ENSP00000415743	NCOA1	CD36	9606	0.583	0	0	0	0.08	0	0.5	0.167
9606.ENSP00000385216	9606.ENSP00000419692	NCOA1	RXRA	9606	0.999	0	0	0	0.083	0.995	0.8	0.801
9606.ENSP00000386443	9606.ENSP00000417354	TGOLN2	GOLIM4	9606	0.576	0	0	0	0.044	0	0	0.575
9606.ENSP00000408292	9606.ENSP00000414521	TRIM32	MID1	9606	0.427	0	0	0	0.056	0	0	0.418
9606.ENSP00000410269	9606.ENSP00000417626	TMEM176B	TMEM176A	9606	0.999	0	0	0	0.999	0.236	0	0.3
9606.ENSP00000415743	9606.ENSP00000441802	CD36	PCDH7	9606	0.4	0	0	0	0	0	0.4	0
9606.ENSP00000415743	9606.ENSP00000419692	CD36	RXRA	9606	0.669	0	0	0	0.074	0	0.5	0.344
9606.ENSP00000419692	9606.ENSP00000477907	RXRA	H2BC14	9606	0.504	0	0	0	0	0.049	0.5	0
9606.ENSP00000451300	9606.ENSP00000500409	NUMB	ARHGAP35	9606	0.479	0	0	0	0.062	0	0	0.468
9606.ENSP00000460070	9606.ENSP00000500409	GTF2I	ARHGAP35	9606	0.836	0	0	0	0.082	0	0	0.829
9606.ENSP00000461879	9606.ENSP00000462980	POLR2A	TAF4B	9606	0.555	0	0	0	0.073	0.064	0.5	0.096
9606.ENSP00000461879	9606.ENSP00000477907	POLR2A	H2BC14	9606	0.674	0	0	0	0.044	0.241	0.5	0.209
